{
  "Algeria": 1819.982170818549,
  "Argentina": 2098.5887013159063,
  "Australia": 1831.3494523321706,
  "Austria": 1860.2023956453334,
  "Belgium": 1925.4889158172298,
  "Bosnia and Herzegovina": 1845.2326677332583,
  "Brazil": 2009.2037233007577,
  "Canada": 1809.8476390740673,
  "Cape Verde": 1782.3987418818426,
  "Colombia": 1987.5411977625408,
  "Croatia": 1921.1408820802365,
  "Curacao": 1793.639408252952,
  "Czechia": 1845.212148420577,
  "DR Congo": 1854.43100339031,
  "Ecuador": 1946.8249561763857,
  "Egypt": 1824.527846223364,
  "England": 2034.374696451362,
  "France": 2074.2209981897427,
  "Germany": 1973.2550463252037,
  "Ghana": 1816.8456617400434,
  "Haiti": 1825.469729278343,
  "Iran": 1820.6552977329304,
  "Iraq": 1862.006260625094,
  "Ivory Coast": 1849.7951545808517,
  "Japan": 1930.2898359233561,
  "Jordan": 1770.843612553368,
  "Mexico": 1882.5984664832552,
  "Morocco": 1899.129788743791,
  "Netherlands": 1969.9849593905185,
  "New Zealand": 1773.572820902062,
  "Norway": 1941.7602410667187,
  "Panama": 1794.8706714522477,
  "Paraguay": 1857.993441827721,
  "Portugal": 2011.1187265125366,
  "Qatar": 1768.8414433293995,
  "Saudi Arabia": 1790.176308135964,
  "Scotland": 1843.6392007126742,
  "Senegal": 1905.44814568903,
  "South Africa": 1775.1787055918433,
  "South Korea": 1819.5583050133139,
  "Spain": 2137.697775707518,
  "Sweden": 1849.170328481804,
  "Switzerland": 1908.850266518304,
  "Tunisia": 1780.2974416473317,
  "Turkiye": 1924.8764740791976,
  "United States": 1829.8049744537313,
  "Uruguay": 1909.3790570469373,
  "Uzbekistan": 1793.3702856189611
}