{
  "Algeria": 1859.142666479709,
  "Argentina": 2050.44332139319,
  "Australia": 1857.7536613210523,
  "Austria": 1895.1695136590713,
  "Belgium": 1957.1496377898077,
  "Bosnia and Herzegovina": 1895.5613145781933,
  "Brazil": 2033.0660262466943,
  "Canada": 1825.7457883523593,
  "Cape Verde": 1822.7265414577298,
  "Colombia": 1966.388324595434,
  "Croatia": 1931.1143009136206,
  "Curacao": 1837.890968855471,
  "Czechia": 1896.4555924981062,
  "DR Congo": 1904.460850413873,
  "Ecuador": 1935.860653871503,
  "Egypt": 1869.6118768298845,
  "England": 2045.9706341724204,
  "France": 2080.6164546824607,
  "Germany": 2013.0599442563823,
  "Ghana": 1861.597317381592,
  "Haiti": 1865.5985429558175,
  "Iran": 1855.7252787884936,
  "Iraq": 1911.2396323322946,
  "Ivory Coast": 1893.1864075858018,
  "Japan": 1959.626629494466,
  "Jordan": 1828.1418286667806,
  "Mexico": 1889.5395561470052,
  "Morocco": 1951.8567337178208,
  "Netherlands": 2001.8601249110304,
  "New Zealand": 1827.5940879538296,
  "Norway": 1974.1895244405468,
  "Panama": 1835.654202823389,
  "Paraguay": 1879.0526879501506,
  "Portugal": 2042.3215173695025,
  "Qatar": 1820.5374558887222,
  "Saudi Arabia": 1827.8958128499505,
  "Scotland": 1885.9631328555806,
  "Senegal": 1928.871859210775,
  "South Africa": 1833.1023044864298,
  "South Korea": 1874.0238591116338,
  "Spain": 2091.9169597102295,
  "Sweden": 1901.361967369233,
  "Switzerland": 1928.6046706579139,
  "Tunisia": 1834.7345933844363,
  "Turkiye": 1934.0430970196996,
  "United States": 1879.670216148844,
  "Uruguay": 1926.7589747582897,
  "Uzbekistan": 1828.3431315699129
}