{
  "Algeria": 1715.320349790776,
  "Argentina": 2115.9901549018855,
  "Australia": 1787.1656168009747,
  "Austria": 1816.1982617200927,
  "Belgium": 1888.7319190962828,
  "Bosnia and Herzegovina": 378.4529178818794,
  "Brazil": 1992.472062907631,
  "Canada": 1780.68219775799,
  "Cape Verde": 361.4529178818794,
  "Colombia": 1984.7536680773062,
  "Croatia": 1906.4946679107297,
  "Curacao": 217.4529178818793,
  "Czechia": 1739.8165728340412,
  "DR Congo": 444.4529178818794,
  "Ecuador": 1937.3326483129338,
  "Egypt": 1709.1450435905433,
  "England": 2019.12297685224,
  "France": 2063.569277414128,
  "Germany": 1930.3616604170757,
  "Ghana": 293.4529178818793,
  "Haiti": 331.45291788187933,
  "Iran": 1756.678994578767,
  "Iraq": 401.4529178818794,
  "Ivory Coast": 1707.1187332838208,
  "Japan": 1904.9323477982543,
  "Jordan": 463.4529178818794,
  "Mexico": 1872.627650143431,
  "Morocco": 1807.3040377943798,
  "Netherlands": 1940.2451338737344,
  "New Zealand": 345.45291788187933,
  "Norway": 1907.4680855140498,
  "Panama": 1729.7614857103717,
  "Paraguay": 1827.0993294651598,
  "Portugal": 1980.0117843455894,
  "Qatar": 204.4529178818793,
  "Saudi Arabia": 352.4529178818794,
  "Scotland": 1763.8631816475938,
  "Senegal": 1865.9049737626356,
  "South Africa": 301.4529178818793,
  "South Korea": 541.4529178818794,
  "Spain": 2155.5833980461944,
  "Sweden": 495.4529178818794,
  "Switzerland": 1890.596875156798,
  "Tunisia": 411.4529178818794,
  "Turkiye": 1908.1574498490893,
  "United States": 1741.4519176735942,
  "Uruguay": 1887.778409663277,
  "Uzbekistan": 501.4529178818794
}