{
  "Algeria": 1847.2579094305172,
  "Argentina": 2064.6423353236846,
  "Australia": 1854.2294124843604,
  "Austria": 1892.2311263320523,
  "Belgium": 1950.7728150072423,
  "Bosnia and Herzegovina": 1887.9345153798329,
  "Brazil": 2028.8948119137497,
  "Canada": 1817.6316741743701,
  "Cape Verde": 1823.263500614792,
  "Colombia": 1972.8859432422425,
  "Croatia": 1931.3340135377373,
  "Curacao": 1825.3569501547854,
  "Czechia": 1890.079277416654,
  "DR Congo": 1897.7050048735694,
  "Ecuador": 1939.0597075627109,
  "Egypt": 1862.6204029200096,
  "England": 2043.785049439266,
  "France": 2080.129752399433,
  "Germany": 2005.7004570990177,
  "Ghana": 1856.053366487037,
  "Haiti": 1859.2485050793573,
  "Iran": 1847.5479669709614,
  "Iraq": 1906.1736197585426,
  "Ivory Coast": 1882.990286472812,
  "Japan": 1948.8123554048561,
  "Jordan": 1817.7996544108462,
  "Mexico": 1884.860226492814,
  "Morocco": 1939.7105365372643,
  "Netherlands": 1995.8999477670477,
  "New Zealand": 1806.8399298217246,
  "Norway": 1967.3122921475604,
  "Panama": 1822.251946341009,
  "Paraguay": 1871.8614307154712,
  "Portugal": 2034.5773494061577,
  "Qatar": 1815.6289280835506,
  "Saudi Arabia": 1818.7636918125054,
  "Scotland": 1875.8700912188924,
  "Senegal": 1924.3865458314747,
  "South Africa": 1825.2475146983334,
  "South Korea": 1865.2575052433856,
  "Spain": 2104.6695525202117,
  "Sweden": 1895.7400766863432,
  "Switzerland": 1924.840009040597,
  "Tunisia": 1824.9748353099455,
  "Turkiye": 1932.8750066261653,
  "United States": 1870.7385575572553,
  "Uruguay": 1923.162870373515,
  "Uzbekistan": 1832.5446095544546
}