{
  "Algeria": 1861.001359608028,
  "Argentina": 2045.989286507548,
  "Australia": 1861.3518074977255,
  "Austria": 1897.7251228042915,
  "Belgium": 1957.2720260486556,
  "Bosnia and Herzegovina": 1897.5910370493837,
  "Brazil": 2035.4000806202955,
  "Canada": 1795.661704763135,
  "Cape Verde": 1827.819287485949,
  "Colombia": 1963.4270674530615,
  "Croatia": 1931.5264750195756,
  "Curacao": 1838.2559509765595,
  "Czechia": 1899.1986655431022,
  "DR Congo": 1906.0110667642969,
  "Ecuador": 1934.6218365695559,
  "Egypt": 1870.9295385921594,
  "England": 2047.119223000341,
  "France": 2082.4534066748124,
  "Germany": 2016.43673272448,
  "Ghana": 1864.3063329903616,
  "Haiti": 1872.1596508860039,
  "Iran": 1860.1959108519593,
  "Iraq": 1915.3376085460075,
  "Ivory Coast": 1896.5467145426148,
  "Japan": 1962.5252486815273,
  "Jordan": 1827.5562372485185,
  "Mexico": 1859.9162792744207,
  "Morocco": 1952.683545319208,
  "Netherlands": 2004.3085161213105,
  "New Zealand": 1828.2782128694407,
  "Norway": 1977.0697448107064,
  "Panama": 1836.5390038860976,
  "Paraguay": 1876.1366095786125,
  "Portugal": 2043.2737404216653,
  "Qatar": 1829.0116399368414,
  "Saudi Arabia": 1823.3221122690072,
  "Scotland": 1888.6233447147868,
  "Senegal": 1932.49108000703,
  "South Africa": 1819.0331596538153,
  "South Korea": 1879.1812237303548,
  "Spain": 2087.7138107599903,
  "Sweden": 1905.5184898285045,
  "Switzerland": 1928.4834262459553,
  "Tunisia": 1841.9857775155924,
  "Turkiye": 1935.812227173031,
  "United States": 1846.8672189848387,
  "Uruguay": 1927.9771544442176,
  "Uzbekistan": 1831.2621483988557
}