{
  "Algeria": 1853.9398691318022,
  "Argentina": 2066.289815284861,
  "Australia": 1855.1703258803864,
  "Austria": 1894.5088546607728,
  "Belgium": 1953.8776855652184,
  "Bosnia and Herzegovina": 1890.7321063825248,
  "Brazil": 2030.605322044669,
  "Canada": 1800.2612135083261,
  "Cape Verde": 1818.8935127373,
  "Colombia": 1973.9177895931227,
  "Croatia": 1932.6597513911827,
  "Curacao": 1830.7536042117463,
  "Czechia": 1888.6897802638443,
  "DR Congo": 1901.6301305698032,
  "Ecuador": 1941.7577301097417,
  "Egypt": 1861.9707876760865,
  "England": 2047.34087146827,
  "France": 2080.794205498542,
  "Germany": 2008.0956350805307,
  "Ghana": 1861.5706864048263,
  "Haiti": 1862.5612574457211,
  "Iran": 1851.1632129797017,
  "Iraq": 1907.9345434274658,
  "Ivory Coast": 1892.1187268641745,
  "Japan": 1956.3246603882678,
  "Jordan": 1820.6735849497406,
  "Mexico": 1867.9831296376617,
  "Morocco": 1946.8078674046249,
  "Netherlands": 1998.0409189374006,
  "New Zealand": 1821.4563068082578,
  "Norway": 1970.9280596376457,
  "Panama": 1828.513940759177,
  "Paraguay": 1875.0352544601355,
  "Portugal": 2038.5272802381244,
  "Qatar": 1814.1476853208733,
  "Saudi Arabia": 1828.291509374418,
  "Scotland": 1878.199149898417,
  "Senegal": 1926.1897781972548,
  "South Africa": 1817.6706195710642,
  "South Korea": 1870.7767671728898,
  "Spain": 2106.58747381878,
  "Sweden": 1894.9245201472004,
  "Switzerland": 1925.9197688621978,
  "Tunisia": 1830.629880717652,
  "Turkiye": 1933.942105377061,
  "United States": 1839.2873343560589,
  "Uruguay": 1926.3830952738988,
  "Uzbekistan": 1842.039017039163
}