{
  "Algeria": 1841.2687441848593,
  "Argentina": 2081.1663526809284,
  "Australia": 1840.9014687355666,
  "Austria": 1881.146743706371,
  "Belgium": 1943.1444673988315,
  "Bosnia and Herzegovina": 1877.9954116159126,
  "Brazil": 2022.186364881335,
  "Canada": 1822.2266564154186,
  "Cape Verde": 1813.0261258826415,
  "Colombia": 1978.4365250076655,
  "Croatia": 1929.4457648258565,
  "Curacao": 1814.1818298442024,
  "Czechia": 1879.2629300376686,
  "DR Congo": 1888.2589045011473,
  "Ecuador": 1943.3278344196722,
  "Egypt": 1850.225338475363,
  "England": 2042.3144931424313,
  "France": 2078.2844352554444,
  "Germany": 1996.0986598284917,
  "Ghana": 1845.8285069873336,
  "Haiti": 1848.215549764261,
  "Iran": 1839.3522804079291,
  "Iraq": 1893.4320559142104,
  "Ivory Coast": 1871.6433259044236,
  "Japan": 1949.2108182085815,
  "Jordan": 1813.06534089716,
  "Mexico": 1890.9971101679805,
  "Morocco": 1931.4384745396062,
  "Netherlands": 1989.501960198075,
  "New Zealand": 1807.6657414100125,
  "Norway": 1961.2101374142858,
  "Panama": 1810.6666062877832,
  "Paraguay": 1869.6206285280189,
  "Portugal": 2028.7565159042394,
  "Qatar": 1806.6433030975033,
  "Saudi Arabia": 1807.8590505486488,
  "Scotland": 1868.1616931688925,
  "Senegal": 1919.3507721983003,
  "South Africa": 1802.487457995853,
  "South Korea": 1858.109385508804,
  "Spain": 2122.9160314978767,
  "Sweden": 1884.5760466692766,
  "Switzerland": 1926.935844695108,
  "Tunisia": 1818.7991625645293,
  "Turkiye": 1929.659256957427,
  "United States": 1863.154139992779,
  "Uruguay": 1922.765419265811,
  "Uzbekistan": 1820.876363321441
}