{
  "Algeria": 1863.1730282464707,
  "Argentina": 2083.90265184933,
  "Australia": 1845.444328581577,
  "Austria": 1893.3873820193887,
  "Belgium": 1941.5641229172868,
  "Bosnia and Herzegovina": 1836.8621306324385,
  "Brazil": 2023.7080280764014,
  "Canada": 1825.0440108577416,
  "Cape Verde": 1833.4477490746203,
  "Colombia": 1979.8630656392795,
  "Croatia": 1931.3658385412002,
  "Curacao": 1800.1759225649248,
  "Czechia": 1862.3103958023491,
  "DR Congo": 1830.9271738656523,
  "Ecuador": 1948.7034343752068,
  "Egypt": 1861.0562542915843,
  "England": 2044.8528687209728,
  "France": 2075.210991182063,
  "Germany": 1996.234584191993,
  "Ghana": 1868.7471077201837,
  "Haiti": 1806.8145142405194,
  "Iran": 1835.4492091727905,
  "Iraq": 1820.136021285127,
  "Ivory Coast": 1876.4379546123857,
  "Japan": 1940.7686086322828,
  "Jordan": 1801.9223291772644,
  "Mexico": 1879.3379169159725,
  "Morocco": 1932.439658442859,
  "Netherlands": 1986.3615874032148,
  "New Zealand": 1804.0484810464868,
  "Norway": 1957.6920275319937,
  "Panama": 1835.2069235741264,
  "Paraguay": 1870.7978884316453,
  "Portugal": 2025.2269501086332,
  "Qatar": 1805.7560634329786,
  "Saudi Arabia": 1828.6738542147757,
  "Scotland": 1883.093003992918,
  "Senegal": 1919.4554527956052,
  "South Africa": 1818.8536395648555,
  "South Korea": 1853.5090292645507,
  "Spain": 2124.642867466156,
  "Sweden": 1902.9217945827713,
  "Switzerland": 1929.9284634565302,
  "Tunisia": 1859.6955582260825,
  "Turkiye": 1926.3448937912162,
  "United States": 1858.8801088349092,
  "Uruguay": 1933.004823116548,
  "Uzbekistan": 1823.6389946339411
}