{
  "Algeria": 1875.0576020694086,
  "Argentina": 2058.3607361591908,
  "Australia": 1860.1443153090993,
  "Austria": 1909.7031768441295,
  "Belgium": 1953.302087157772,
  "Bosnia and Herzegovina": 1860.3258075820759,
  "Brazil": 2035.3705232095908,
  "Canada": 1833.938019591298,
  "Cape Verde": 1841.372107072151,
  "Colombia": 1971.2353370292465,
  "Croatia": 1933.0062572708366,
  "Curacao": 1828.165913915161,
  "Czechia": 1884.441079970408,
  "DR Congo": 1843.5289807369952,
  "Ecuador": 1942.901568069991,
  "Egypt": 1873.9665917220236,
  "England": 2051.850020375901,
  "France": 2077.212870528923,
  "Germany": 2011.7940594169365,
  "Ghana": 1890.0366018073155,
  "Haiti": 1815.4649872562347,
  "Iran": 1842.503782130622,
  "Iraq": 1844.3970148428434,
  "Ivory Coast": 1891.317648543378,
  "Japan": 1948.3952450947927,
  "Jordan": 1813.895581246333,
  "Mexico": 1879.5321159593086,
  "Morocco": 1951.4905292119013,
  "Netherlands": 1997.7996908810564,
  "New Zealand": 1824.7797771598123,
  "Norway": 1971.4915298300373,
  "Panama": 1857.1684439830415,
  "Paraguay": 1883.8873378986843,
  "Portugal": 2035.772981195613,
  "Qatar": 1821.1783182044867,
  "Saudi Arabia": 1844.2092919907525,
  "Scotland": 1901.3189859838146,
  "Senegal": 1934.2432595593307,
  "South Africa": 1838.5622191779069,
  "South Korea": 1864.7145428016495,
  "Spain": 2099.1769515400524,
  "Sweden": 1921.1833869279953,
  "Switzerland": 1936.6684217916627,
  "Tunisia": 1873.8278892047922,
  "Turkiye": 1927.7814889684003,
  "United States": 1877.536676922209,
  "Uruguay": 1941.5265088743238,
  "Uzbekistan": 1835.7913810173168
}