{
  "Algeria": 1818.8242351163162,
  "Argentina": 2097.8489404167426,
  "Australia": 1823.3565568435715,
  "Austria": 1864.0887263871325,
  "Belgium": 1923.9733417759526,
  "Bosnia and Herzegovina": 1845.0637202840371,
  "Brazil": 2008.3616195929046,
  "Canada": 1812.40092099871,
  "Cape Verde": 1768.866172745508,
  "Colombia": 1982.8894728598798,
  "Croatia": 1927.4996899057987,
  "Curacao": 1777.3057889543588,
  "Czechia": 1848.1511587189868,
  "DR Congo": 1861.320126467026,
  "Ecuador": 1947.2949738239029,
  "Egypt": 1816.2027460797442,
  "England": 2036.341847285649,
  "France": 2072.781848944683,
  "Germany": 1975.134014626405,
  "Ghana": 1818.9747904884005,
  "Haiti": 1817.1178572450199,
  "Iran": 1810.990876740743,
  "Iraq": 1862.4594219977237,
  "Ivory Coast": 1838.1118901885338,
  "Japan": 1933.6701553914445,
  "Jordan": 1785.1857970229164,
  "Mexico": 1883.1594612862293,
  "Morocco": 1903.9548191513265,
  "Netherlands": 1972.2851419496237,
  "New Zealand": 1774.6982607692737,
  "Norway": 1947.8284266431026,
  "Panama": 1805.4607127063462,
  "Paraguay": 1859.7137850025645,
  "Portugal": 2013.5737586466732,
  "Qatar": 1774.335806843161,
  "Saudi Arabia": 1779.8155093343423,
  "Scotland": 1843.2889623852782,
  "Senegal": 1902.887710408657,
  "South Africa": 1775.1355507985563,
  "South Korea": 1824.6651426996004,
  "Spain": 2140.953571298202,
  "Sweden": 1852.7348884923686,
  "Switzerland": 1914.3697327454884,
  "Tunisia": 1786.030360436733,
  "Turkiye": 1921.7057556069633,
  "United States": 1831.1138795218649,
  "Uruguay": 1912.6910349073478,
  "Uzbekistan": 1800.111765336269
}