{
  "Algeria": 1707.612067120989,
  "Argentina": 2115.83608776345,
  "Australia": 1783.0447950566147,
  "Austria": 1832.4016086583563,
  "Belgium": 1887.563443793217,
  "Bosnia and Herzegovina": 378.4529178818794,
  "Brazil": 1989.950644462413,
  "Canada": 1777.9212112417201,
  "Cape Verde": 361.4529178818794,
  "Colombia": 1979.8213508125375,
  "Croatia": 1911.3744958673617,
  "Curacao": 217.4529178818793,
  "Czechia": 523.4529178818794,
  "DR Congo": 444.4529178818794,
  "Ecuador": 1938.6923928241176,
  "Egypt": 479.4529178818794,
  "England": 2024.451630155788,
  "France": 2060.8133015785866,
  "Germany": 1924.3659118884189,
  "Ghana": 293.4529178818793,
  "Haiti": 331.45291788187933,
  "Iran": 1748.8408377788255,
  "Iraq": 401.4529178818794,
  "Ivory Coast": 1709.4640096790788,
  "Japan": 1904.9516863051313,
  "Jordan": 463.4529178818794,
  "Mexico": 1869.2196866772767,
  "Morocco": 1816.3936379176985,
  "Netherlands": 1945.1997325878435,
  "New Zealand": 345.45291788187933,
  "Norway": 1906.6856153364454,
  "Panama": 1760.1328996288173,
  "Paraguay": 1832.1745887784773,
  "Portugal": 1982.947812020424,
  "Qatar": 204.4529178818793,
  "Saudi Arabia": 352.4529178818794,
  "Scotland": 1751.7460668432043,
  "Senegal": 1863.6844231729176,
  "South Africa": 301.4529178818793,
  "South Korea": 1702.7596286241635,
  "Spain": 2158.382148881065,
  "Sweden": 1753.283400629045,
  "Switzerland": 1884.902883681683,
  "Tunisia": 411.4529178818794,
  "Turkiye": 1904.3743417828766,
  "United States": 1721.5916041414803,
  "Uruguay": 1892.0479274297886,
  "Uzbekistan": 1704.2840318076496
}