{
  "Algeria": 1858.7721907699945,
  "Argentina": 2054.7198045171976,
  "Australia": 1856.898707185757,
  "Austria": 1893.689967055063,
  "Belgium": 1954.5681321177028,
  "Bosnia and Herzegovina": 1895.4862971563828,
  "Brazil": 2030.582412724647,
  "Canada": 1821.986923044098,
  "Cape Verde": 1820.0022249484712,
  "Colombia": 1968.0718130566036,
  "Croatia": 1927.6431336118421,
  "Curacao": 1829.6424850626154,
  "Czechia": 1894.5766559334459,
  "DR Congo": 1900.17459104688,
  "Ecuador": 1938.1050093705664,
  "Egypt": 1866.8901764938735,
  "England": 2045.3031160154314,
  "France": 2080.3975134816264,
  "Germany": 2009.9770472994571,
  "Ghana": 1856.5561956244228,
  "Haiti": 1865.4926335563412,
  "Iran": 1852.987501983586,
  "Iraq": 1912.6109864311286,
  "Ivory Coast": 1887.5511544989697,
  "Japan": 1951.6966577236083,
  "Jordan": 1824.494137051789,
  "Mexico": 1885.1311062424309,
  "Morocco": 1945.776456630856,
  "Netherlands": 1999.756298368223,
  "New Zealand": 1820.4708517764022,
  "Norway": 1970.6723284482587,
  "Panama": 1827.688246267304,
  "Paraguay": 1875.6940641449428,
  "Portugal": 2037.5729901106333,
  "Qatar": 1823.8027001126347,
  "Saudi Arabia": 1821.7393473597328,
  "Scotland": 1880.6340275388472,
  "Senegal": 1927.053599552671,
  "South Africa": 1816.0763502705365,
  "South Korea": 1871.547586380092,
  "Spain": 2095.6395665160853,
  "Sweden": 1899.3975158128735,
  "Switzerland": 1926.284743175425,
  "Tunisia": 1831.9988559897067,
  "Turkiye": 1932.7581113781873,
  "United States": 1874.2009463664601,
  "Uruguay": 1924.6721348984445,
  "Uzbekistan": 1831.3034100867496
}