{
  "Algeria": 1821.1921976690348,
  "Argentina": 2098.4473645241155,
  "Australia": 1831.2174354540336,
  "Austria": 1871.3012010939947,
  "Belgium": 1928.3050754714916,
  "Bosnia and Herzegovina": 1844.3771981251923,
  "Brazil": 2009.6196025053043,
  "Canada": 1798.8367444129638,
  "Cape Verde": 1783.6728735721251,
  "Colombia": 1983.5062283621621,
  "Croatia": 1926.6467122160277,
  "Curacao": 1789.6717505710924,
  "Czechia": 1845.0722592617542,
  "DR Congo": 1859.8353220021202,
  "Ecuador": 1948.1270386301142,
  "Egypt": 1817.1424058702141,
  "England": 2036.890178788353,
  "France": 2072.900487322941,
  "Germany": 1972.4231055045896,
  "Ghana": 1820.7392299848707,
  "Haiti": 1822.3837753955734,
  "Iran": 1821.1625133413324,
  "Iraq": 1869.3489577881376,
  "Ivory Coast": 1851.9186077520646,
  "Japan": 1934.1542539249413,
  "Jordan": 1773.094215972423,
  "Mexico": 1873.874286976875,
  "Morocco": 1904.9816009725764,
  "Netherlands": 1973.482467294022,
  "New Zealand": 1759.412793680515,
  "Norway": 1944.2057141270625,
  "Panama": 1815.128108912928,
  "Paraguay": 1859.0637247776428,
  "Portugal": 2013.350163559758,
  "Qatar": 1771.0159118776448,
  "Saudi Arabia": 1775.08707627126,
  "Scotland": 1838.4117363133907,
  "Senegal": 1906.8714027551057,
  "South Africa": 1766.41789719202,
  "South Korea": 1828.2414436586776,
  "Spain": 2140.869105103165,
  "Sweden": 1857.0540168688512,
  "Switzerland": 1911.0416906881264,
  "Tunisia": 1800.7861024933861,
  "Turkiye": 1924.2812109433853,
  "United States": 1800.6185255502787,
  "Uruguay": 1914.7544824209042,
  "Uzbekistan": 1799.4179745081685
}