{
  "Algeria": 1860.0178802141097,
  "Argentina": 2049.8696829095175,
  "Australia": 1859.1549594230976,
  "Austria": 1896.9545458774346,
  "Belgium": 1954.929781754812,
  "Bosnia and Herzegovina": 1892.6075851159578,
  "Brazil": 2032.1529669726572,
  "Canada": 1819.7003551892285,
  "Cape Verde": 1829.2305429942044,
  "Colombia": 1965.2892272711345,
  "Croatia": 1929.8057397538723,
  "Curacao": 1828.144078109922,
  "Czechia": 1896.0107752011065,
  "DR Congo": 1903.3213341101637,
  "Ecuador": 1935.8544547724375,
  "Egypt": 1869.143811213783,
  "England": 2045.5365036298845,
  "France": 2080.632092451144,
  "Germany": 2012.2980678905305,
  "Ghana": 1862.6530371730498,
  "Haiti": 1866.6020898018442,
  "Iran": 1851.956607320276,
  "Iraq": 1912.5412578405128,
  "Ivory Coast": 1892.5326819992458,
  "Japan": 1953.2429843610896,
  "Jordan": 1825.0023612586117,
  "Mexico": 1884.9150273633848,
  "Morocco": 1949.3984706909725,
  "Netherlands": 2001.2941831604066,
  "New Zealand": 1818.1076924525921,
  "Norway": 1971.8452104781509,
  "Panama": 1836.5396914455878,
  "Paraguay": 1877.2704572427922,
  "Portugal": 2039.4956443951894,
  "Qatar": 1823.690752792277,
  "Saudi Arabia": 1820.8019984378454,
  "Scotland": 1884.7688720747174,
  "Senegal": 1929.3441493543278,
  "South Africa": 1817.1057279005643,
  "South Korea": 1872.5026830411662,
  "Spain": 2090.497826914145,
  "Sweden": 1899.7409453715093,
  "Switzerland": 1925.1446260556843,
  "Tunisia": 1835.6578977088682,
  "Turkiye": 1933.3962548208453,
  "United States": 1876.271650222052,
  "Uruguay": 1924.0963715523123,
  "Uzbekistan": 1832.0946539725537
}