{
  "Algeria": 1855.3267681828147,
  "Argentina": 2064.8515010750093,
  "Australia": 1850.5219252397355,
  "Austria": 1894.4020464051325,
  "Belgium": 1951.2146159064723,
  "Bosnia and Herzegovina": 1890.6168943239302,
  "Brazil": 2028.7077810395647,
  "Canada": 1826.103461366595,
  "Cape Verde": 1821.9983830232914,
  "Colombia": 1972.2389987621343,
  "Croatia": 1933.7450827516861,
  "Curacao": 1828.7383972921716,
  "Czechia": 1889.4983712610965,
  "DR Congo": 1901.061447814291,
  "Ecuador": 1940.3910185679053,
  "Egypt": 1863.6793209870686,
  "England": 2045.138857505474,
  "France": 2080.369819407175,
  "Germany": 2008.0074031189108,
  "Ghana": 1857.5440240802743,
  "Haiti": 1858.2842115708447,
  "Iran": 1847.9481495524979,
  "Iraq": 1906.9810879247552,
  "Ivory Coast": 1886.2061724139664,
  "Japan": 1955.2204949273935,
  "Jordan": 1825.8285997443227,
  "Mexico": 1891.4939249338447,
  "Morocco": 1943.9589334757472,
  "Netherlands": 1996.8762976898852,
  "New Zealand": 1821.563817699999,
  "Norway": 1969.9896993065092,
  "Panama": 1828.6375168188454,
  "Paraguay": 1875.4539411068727,
  "Portugal": 2037.2185748447412,
  "Qatar": 1815.416963347172,
  "Saudi Arabia": 1821.4710737432251,
  "Scotland": 1878.7397615767084,
  "Senegal": 1925.7934013654738,
  "South Africa": 1811.4016537533896,
  "South Korea": 1865.8213177150863,
  "Spain": 2106.593746274142,
  "Sweden": 1896.6547780893695,
  "Switzerland": 1927.0567420993082,
  "Tunisia": 1834.5839113589516,
  "Turkiye": 1932.4955818919852,
  "United States": 1875.538377745964,
  "Uruguay": 1925.3383283839764,
  "Uzbekistan": 1835.8907475166
}