{
  "Algeria": 1879.6429308857848,
  "Argentina": 2059.5640088189025,
  "Australia": 1862.9329492187662,
  "Austria": 1907.4183286980726,
  "Belgium": 1954.8704007555898,
  "Bosnia and Herzegovina": 1857.107884334744,
  "Brazil": 2036.4546858708507,
  "Canada": 1799.5678801143185,
  "Cape Verde": 1844.1107415387949,
  "Colombia": 1973.4014448250493,
  "Croatia": 1934.9336488174533,
  "Curacao": 1827.9811007427927,
  "Czechia": 1884.5102308152502,
  "DR Congo": 1850.9057875791543,
  "Ecuador": 1947.0798244142907,
  "Egypt": 1874.0552561508482,
  "England": 2052.4276260440824,
  "France": 2077.9672583460465,
  "Germany": 2012.2785901942143,
  "Ghana": 1885.5345157716565,
  "Haiti": 1827.1938076804836,
  "Iran": 1846.4750885319684,
  "Iraq": 1844.6782795873842,
  "Ivory Coast": 1892.8960592289443,
  "Japan": 1949.760279344345,
  "Jordan": 1819.5805121399237,
  "Mexico": 1850.6953534356996,
  "Morocco": 1952.4451081133182,
  "Netherlands": 1998.8647022979458,
  "New Zealand": 1817.2158991771641,
  "Norway": 1971.6203276024974,
  "Panama": 1847.7166955504006,
  "Paraguay": 1884.471437744085,
  "Portugal": 2036.331674371816,
  "Qatar": 1824.180609131863,
  "Saudi Arabia": 1850.423667421497,
  "Scotland": 1901.7118394703136,
  "Senegal": 1934.1502106167927,
  "South Africa": 1838.3757578796558,
  "South Korea": 1868.7404511259222,
  "Spain": 2099.6970724684406,
  "Sweden": 1923.3549273921465,
  "Switzerland": 1936.564583981344,
  "Tunisia": 1871.205843217298,
  "Turkiye": 1929.9490734563144,
  "United States": 1842.0135859136205,
  "Uruguay": 1942.3738532358404,
  "Uzbekistan": 1845.052072627037
}