{
  "Algeria": 1877.9654903642931,
  "Argentina": 2052.729669954526,
  "Australia": 1861.2298796885318,
  "Austria": 1905.9294886466798,
  "Belgium": 1954.1178914765985,
  "Bosnia and Herzegovina": 1858.4387789195043,
  "Brazil": 2037.027370352749,
  "Canada": 1828.8333128100824,
  "Cape Verde": 1849.6174465852325,
  "Colombia": 1968.7675251946696,
  "Croatia": 1932.7090456042952,
  "Curacao": 1823.9715666530121,
  "Czechia": 1888.8451386238728,
  "DR Congo": 1842.355492992999,
  "Ecuador": 1941.7630637631648,
  "Egypt": 1875.4619234228514,
  "England": 2050.2062506179445,
  "France": 2077.151640115937,
  "Germany": 2011.7829550607655,
  "Ghana": 1883.2916168281909,
  "Haiti": 1813.4682587177313,
  "Iran": 1848.5853681462029,
  "Iraq": 1840.5421019257408,
  "Ivory Coast": 1890.228706612226,
  "Japan": 1947.4730691668146,
  "Jordan": 1808.7321876281803,
  "Mexico": 1872.928259412785,
  "Morocco": 1950.2145959038946,
  "Netherlands": 1997.4652424914013,
  "New Zealand": 1820.3987101311986,
  "Norway": 1970.8193677764075,
  "Panama": 1851.420993611982,
  "Paraguay": 1880.9206165568114,
  "Portugal": 2034.5227277920849,
  "Qatar": 1828.9599151746497,
  "Saudi Arabia": 1848.721603916275,
  "Scotland": 1899.1830563928586,
  "Senegal": 1933.4804444852641,
  "South Africa": 1836.8204700823183,
  "South Korea": 1866.8858407907803,
  "Spain": 2091.724405079987,
  "Sweden": 1921.700388391561,
  "Switzerland": 1936.0519199639393,
  "Tunisia": 1876.0056508563748,
  "Turkiye": 1928.439240878408,
  "United States": 1873.7796724608754,
  "Uruguay": 1941.150754814061,
  "Uzbekistan": 1829.5675189532385
}