{
  "Algeria": 1614.3770978252062,
  "Argentina": 1863.9616152056867,
  "Australia": 1602.0012215319923,
  "Austria": 1642.3076861800237,
  "Belgium": 1738.6345693963224,
  "Bosnia and Herzegovina": 1590.5235463922052,
  "Brazil": 1784.208540404097,
  "Canada": 1576.4051119776805,
  "Cape Verde": 1578.821597605748,
  "Colombia": 1711.2097956028645,
  "Croatia": 1713.5779102086674,
  "Curacao": 1545.4251807363187,
  "Czechia": 1613.6551186247964,
  "DR Congo": 1591.2471633204075,
  "Ecuador": 1661.3315734560874,
  "Egypt": 1619.9368851668096,
  "England": 1830.1822872388623,
  "France": 1866.6297126339734,
  "Germany": 1754.5160111144157,
  "Ghana": 1614.7527982385534,
  "Haiti": 1534.3401638743292,
  "Iran": 1635.6969094779442,
  "Iraq": 1563.0040073884113,
  "Ivory Coast": 1615.8528793322705,
  "Japan": 1683.9386721337678,
  "Jordan": 1535.7039201521036,
  "Mexico": 1682.8002854311983,
  "Morocco": 1754.6948852511766,
  "Netherlands": 1759.5665898630152,
  "New Zealand": 1548.7152969940823,
  "Norway": 1691.232490881339,
  "Panama": 1596.8683517559728,
  "Paraguay": 1612.944793624166,
  "Portugal": 1784.849512085227,
  "Qatar": 1557.1691481157393,
  "Saudi Arabia": 1581.46112721838,
  "Scotland": 1629.5087487462044,
  "Senegal": 1697.3928518542446,
  "South Africa": 1569.174439269823,
  "South Korea": 1620.1991122311683,
  "Spain": 1866.2679084702424,
  "Sweden": 1649.8177240307975,
  "Switzerland": 1679.1842265381122,
  "Tunisia": 1602.0286016282907,
  "Turkiye": 1655.6104792207877,
  "United States": 1668.9349228453073,
  "Uruguay": 1691.6611624290865,
  "Uzbekistan": 1571.4629623495075
}