{
  "Algeria": 1632.052080084805,
  "Argentina": 1849.8648983139803,
  "Australia": 1616.7335178201854,
  "Austria": 1665.8191259125679,
  "Belgium": 1737.6314026622167,
  "Bosnia and Herzegovina": 1612.8630281116164,
  "Brazil": 1797.5540769854115,
  "Canada": 1588.2569979140546,
  "Cape Verde": 1604.8919711524638,
  "Colombia": 1722.6751753165663,
  "Croatia": 1711.7476588146035,
  "Curacao": 1565.5788602818905,
  "Czechia": 1638.8379533874693,
  "DR Congo": 1600.335490126284,
  "Ecuador": 1684.417451990798,
  "Egypt": 1634.6530722219923,
  "England": 1828.050541954042,
  "France": 1861.777233333596,
  "Germany": 1770.3603356885533,
  "Ghana": 1640.2488128438379,
  "Haiti": 1581.6157911635826,
  "Iran": 1637.825010795131,
  "Iraq": 1588.9747063685652,
  "Ivory Coast": 1643.7986055252377,
  "Japan": 1703.9468253410141,
  "Jordan": 1573.04306830326,
  "Mexico": 1673.23416167498,
  "Morocco": 1748.3523955231797,
  "Netherlands": 1765.9591316183569,
  "New Zealand": 1583.0718496675597,
  "Norway": 1717.864826611133,
  "Panama": 1614.9488058990548,
  "Paraguay": 1633.0443049382677,
  "Portugal": 1796.0482715571616,
  "Qatar": 1577.2346895110977,
  "Saudi Arabia": 1602.1662081047252,
  "Scotland": 1654.3959594526223,
  "Senegal": 1704.5707026333948,
  "South Africa": 1596.8422345276374,
  "South Korea": 1631.060032194296,
  "Spain": 1861.1194246777716,
  "Sweden": 1675.3089730675053,
  "Switzerland": 1696.3045351279095,
  "Tunisia": 1629.9801284379453,
  "Turkiye": 1676.7412410621898,
  "United States": 1662.5869722543173,
  "Uruguay": 1702.2006710035218,
  "Uzbekistan": 1581.6972060128846
}