{
  "Algeria": 1884.0220904241623,
  "Argentina": 2036.240944311268,
  "Australia": 1865.5425680918515,
  "Austria": 1911.1577605568173,
  "Belgium": 1958.1215066198008,
  "Bosnia and Herzegovina": 1863.6173849498944,
  "Brazil": 2038.9504477801781,
  "Canada": 1829.7729803512932,
  "Cape Verde": 1851.7952423852191,
  "Colombia": 1962.6525968301169,
  "Croatia": 1931.1890893105738,
  "Curacao": 1828.9642137723156,
  "Czechia": 1889.658893111671,
  "DR Congo": 1848.747615825824,
  "Ecuador": 1938.4381725944086,
  "Egypt": 1879.7499580044205,
  "England": 2051.808513783801,
  "France": 2075.30837285624,
  "Germany": 2016.4251935074042,
  "Ghana": 1888.2329183735299,
  "Haiti": 1825.6161580226208,
  "Iran": 1854.1419436389522,
  "Iraq": 1847.9016740314773,
  "Ivory Coast": 1897.8663152509916,
  "Japan": 1950.7736025065194,
  "Jordan": 1813.8485762401708,
  "Mexico": 1867.0380513444134,
  "Morocco": 1957.5675171764178,
  "Netherlands": 2000.5405806191827,
  "New Zealand": 1829.6576569722376,
  "Norway": 1974.5678213881474,
  "Panama": 1855.9520686785684,
  "Paraguay": 1884.6165450110427,
  "Portugal": 2038.442163207527,
  "Qatar": 1828.564653045777,
  "Saudi Arabia": 1852.1046619890749,
  "Scotland": 1902.7336117298546,
  "Senegal": 1935.5753451995367,
  "South Africa": 1843.7841457804009,
  "South Korea": 1868.6787708513482,
  "Spain": 2076.989411363101,
  "Sweden": 1926.4605138010077,
  "Switzerland": 1938.2145043975715,
  "Tunisia": 1876.7015669276,
  "Turkiye": 1926.1142448154696,
  "United States": 1877.630486452306,
  "Uruguay": 1943.5165736218485,
  "Uzbekistan": 1843.30473307117
}