{
  "Algeria": 1871.3278255952382,
  "Argentina": 2068.547209106626,
  "Australia": 1854.80781818164,
  "Austria": 1904.4911683779176,
  "Belgium": 1951.728447042193,
  "Bosnia and Herzegovina": 1855.4723169975416,
  "Brazil": 2031.6086567798568,
  "Canada": 1829.0448882582757,
  "Cape Verde": 1840.915969285755,
  "Colombia": 1973.614703738308,
  "Croatia": 1933.1876791290595,
  "Curacao": 1821.2427318429734,
  "Czechia": 1876.6381710374228,
  "DR Congo": 1835.9167643863104,
  "Ecuador": 1946.5561362494525,
  "Egypt": 1870.2731271751345,
  "England": 2049.820362224042,
  "France": 2077.5992394947407,
  "Germany": 2008.1285554854082,
  "Ghana": 1879.9525165854523,
  "Haiti": 1814.5952351478093,
  "Iran": 1844.2150297356654,
  "Iraq": 1838.1791150685742,
  "Ivory Coast": 1886.0088385791607,
  "Japan": 1946.4190948035705,
  "Jordan": 1810.6034583644325,
  "Mexico": 1879.5591006570803,
  "Morocco": 1945.3682728512047,
  "Netherlands": 1993.5069352591433,
  "New Zealand": 1813.2928355077236,
  "Norway": 1967.4831426879537,
  "Panama": 1843.2585829049378,
  "Paraguay": 1881.0957368526826,
  "Portugal": 2032.57497229853,
  "Qatar": 1814.7469019618782,
  "Saudi Arabia": 1847.653041324738,
  "Scotland": 1894.1323232871962,
  "Senegal": 1929.7028480530328,
  "South Africa": 1832.2830483969167,
  "South Korea": 1863.0464731895715,
  "Spain": 2107.941152005052,
  "Sweden": 1915.7373339536707,
  "Switzerland": 1936.026487540483,
  "Tunisia": 1870.6718395310252,
  "Turkiye": 1928.8760965499241,
  "United States": 1872.1408387546555,
  "Uruguay": 1940.8499175417444,
  "Uzbekistan": 1832.2128118405792
}