{
  "Algeria": 1861.2315209874432,
  "Argentina": 2034.5326760842675,
  "Australia": 1865.7478673625972,
  "Austria": 1897.524608126795,
  "Belgium": 1959.2451051601722,
  "Bosnia and Herzegovina": 1900.9252383621817,
  "Brazil": 2036.922254245461,
  "Canada": 1789.212111125451,
  "Cape Verde": 1831.4543078820323,
  "Colombia": 1959.4740994386384,
  "Croatia": 1931.2114385956502,
  "Curacao": 1842.7595435689816,
  "Czechia": 1905.2319020039847,
  "DR Congo": 1908.419964955088,
  "Ecuador": 1929.6176090171436,
  "Egypt": 1871.9807682349701,
  "England": 2047.014294345772,
  "France": 2081.240029879389,
  "Germany": 2018.5280669719114,
  "Ghana": 1871.0504056866914,
  "Haiti": 1874.4350103839088,
  "Iran": 1859.7794697979605,
  "Iraq": 1919.6737958482433,
  "Ivory Coast": 1899.5367466790642,
  "Japan": 1961.8186501515413,
  "Jordan": 1832.7398570846296,
  "Mexico": 1855.2259045131038,
  "Morocco": 1957.4766062866818,
  "Netherlands": 2005.2728654165005,
  "New Zealand": 1826.2953272004586,
  "Norway": 1978.754562056604,
  "Panama": 1839.7754465478574,
  "Paraguay": 1881.2854968441882,
  "Portugal": 2045.6884337518557,
  "Qatar": 1826.1323448658407,
  "Saudi Arabia": 1829.0288828860623,
  "Scotland": 1889.700658400295,
  "Senegal": 1932.1423331230108,
  "South Africa": 1828.228680052124,
  "South Korea": 1877.6443324735776,
  "Spain": 2076.5499729331304,
  "Sweden": 1907.2757551138936,
  "Switzerland": 1928.8924869155283,
  "Tunisia": 1835.5875600653033,
  "Turkiye": 1933.5167760632028,
  "United States": 1849.4657071323961,
  "Uruguay": 1928.1054169903591,
  "Uzbekistan": 1840.978692538977
}