{
  "Algeria": 1844.9367712969954,
  "Argentina": 2081.0558316092192,
  "Australia": 1845.4801925686231,
  "Austria": 1880.2872568738119,
  "Belgium": 1942.2633437960967,
  "Bosnia and Herzegovina": 1877.352897124422,
  "Brazil": 2021.0886100217695,
  "Canada": 1816.0509942599344,
  "Cape Verde": 1804.5923477736458,
  "Colombia": 1979.9408004265406,
  "Croatia": 1926.8320579639346,
  "Curacao": 1812.7106998894449,
  "Czechia": 1876.4663621165264,
  "DR Congo": 1886.5062428456479,
  "Ecuador": 1945.13699345095,
  "Egypt": 1853.457606485448,
  "England": 2041.3291874450508,
  "France": 2078.181546445901,
  "Germany": 1994.3338716741785,
  "Ghana": 1843.5446181975074,
  "Haiti": 1853.1730919813572,
  "Iran": 1841.231914186782,
  "Iraq": 1894.3636350875402,
  "Ivory Coast": 1868.2556214959884,
  "Japan": 1943.5177827271289,
  "Jordan": 1810.2737731949592,
  "Mexico": 1886.1607098839293,
  "Morocco": 1928.2734382724936,
  "Netherlands": 1985.234003726572,
  "New Zealand": 1809.1340452596544,
  "Norway": 1958.87477163453,
  "Panama": 1817.720525222021,
  "Paraguay": 1866.1280928347167,
  "Portugal": 2025.890608792343,
  "Qatar": 1798.8116516081902,
  "Saudi Arabia": 1809.6299598444523,
  "Scotland": 1865.3314193360504,
  "Senegal": 1915.9775852942437,
  "South Africa": 1807.2778057999349,
  "South Korea": 1851.8460239055073,
  "Spain": 2120.344591861071,
  "Sweden": 1880.455277514587,
  "Switzerland": 1920.2761881805889,
  "Tunisia": 1817.1955738238767,
  "Turkiye": 1932.5984263055052,
  "United States": 1857.4560267789593,
  "Uruguay": 1920.1673862650478,
  "Uzbekistan": 1812.1119043703402
}