{
  "Algeria": 1881.2881299683702,
  "Argentina": 2054.0000952094515,
  "Australia": 1860.7049506498709,
  "Austria": 1909.6625041638138,
  "Belgium": 1955.3094468551683,
  "Bosnia and Herzegovina": 1861.4331100167528,
  "Brazil": 2036.6686537209753,
  "Canada": 1832.0408617771943,
  "Cape Verde": 1851.1068204105457,
  "Colombia": 1968.7474935777655,
  "Croatia": 1931.0813280175041,
  "Curacao": 1829.6442868931738,
  "Czechia": 1889.801249820783,
  "DR Congo": 1847.7000886089234,
  "Ecuador": 1943.2200088561174,
  "Egypt": 1878.3724187676482,
  "England": 2051.8697076118615,
  "France": 2078.14441407584,
  "Germany": 2013.309118703033,
  "Ghana": 1886.5048885634405,
  "Haiti": 1817.5576473065546,
  "Iran": 1850.5422910827099,
  "Iraq": 1843.8603926948851,
  "Ivory Coast": 1893.921320245645,
  "Japan": 1949.7518388075996,
  "Jordan": 1820.403211770882,
  "Mexico": 1878.4789414322186,
  "Morocco": 1953.1004576621237,
  "Netherlands": 2000.3442994185968,
  "New Zealand": 1833.0018279377618,
  "Norway": 1972.5167516969868,
  "Panama": 1854.0493324390254,
  "Paraguay": 1886.2922062325724,
  "Portugal": 2036.7505871904461,
  "Qatar": 1826.9412093417834,
  "Saudi Arabia": 1852.6804436673885,
  "Scotland": 1897.5138082073863,
  "Senegal": 1935.2141706837872,
  "South Africa": 1839.6891275290773,
  "South Korea": 1870.0357654068039,
  "Spain": 2093.658615949761,
  "Sweden": 1923.3860391569085,
  "Switzerland": 1937.1170445568787,
  "Tunisia": 1875.9042809396078,
  "Turkiye": 1929.8132832647873,
  "United States": 1880.1603069626842,
  "Uruguay": 1943.9573297243912,
  "Uzbekistan": 1832.2739425001207
}