{
  "Algeria": 1863.4644400148948,
  "Argentina": 2033.5596939950972,
  "Australia": 1863.5109988899515,
  "Austria": 1899.7215231940193,
  "Belgium": 1958.1546780672286,
  "Bosnia and Herzegovina": 1897.2712053927487,
  "Brazil": 2036.0412582979313,
  "Canada": 1827.1435061114832,
  "Cape Verde": 1830.7988186689856,
  "Colombia": 1958.6487728866387,
  "Croatia": 1931.1364473441938,
  "Curacao": 1844.36786698234,
  "Czechia": 1901.4368707246758,
  "DR Congo": 1906.608973838647,
  "Ecuador": 1929.33679299271,
  "Egypt": 1872.4836666055423,
  "England": 2046.5457261426575,
  "France": 2080.938825300131,
  "Germany": 2018.0219076369929,
  "Ghana": 1864.2701812578355,
  "Haiti": 1870.7927331866485,
  "Iran": 1857.4542759977278,
  "Iraq": 1913.73123481719,
  "Ivory Coast": 1896.4067839334427,
  "Japan": 1961.7758836830528,
  "Jordan": 1827.4288155447155,
  "Mexico": 1891.3426272038223,
  "Morocco": 1955.147542513277,
  "Netherlands": 2004.1285756493533,
  "New Zealand": 1830.0666630516228,
  "Norway": 1975.9237392612556,
  "Panama": 1834.3877323468441,
  "Paraguay": 1878.7539393784064,
  "Portugal": 2045.284456924558,
  "Qatar": 1826.844338193182,
  "Saudi Arabia": 1829.1148762557916,
  "Scotland": 1886.7177205282235,
  "Senegal": 1930.180599893778,
  "South Africa": 1830.3577614494423,
  "South Korea": 1878.7006509883374,
  "Spain": 2076.022410610521,
  "Sweden": 1910.512211581411,
  "Switzerland": 1927.2700235895936,
  "Tunisia": 1839.6732206392505,
  "Turkiye": 1932.1924068985154,
  "United States": 1885.1979965004646,
  "Uruguay": 1923.634558483466,
  "Uzbekistan": 1835.4002584336583
}