{
  "Algeria": 1873.311982277963,
  "Argentina": 2066.643872963655,
  "Australia": 1859.1700366991042,
  "Austria": 1901.1795110600353,
  "Belgium": 1950.1408274869088,
  "Bosnia and Herzegovina": 1852.0391207792475,
  "Brazil": 2031.6668751224709,
  "Canada": 1826.8178596496248,
  "Cape Verde": 1841.9574686851613,
  "Colombia": 1975.9858232116505,
  "Croatia": 1930.7393983267482,
  "Curacao": 1814.3960173380265,
  "Czechia": 1873.075594824507,
  "DR Congo": 1843.6053224554196,
  "Ecuador": 1945.191856125771,
  "Egypt": 1870.5143715336005,
  "England": 2048.599173618584,
  "France": 2076.2893001060097,
  "Germany": 2006.4787777619583,
  "Ghana": 1881.985777934913,
  "Haiti": 1821.8008271495564,
  "Iran": 1842.1262684591013,
  "Iraq": 1838.2609735081558,
  "Ivory Coast": 1884.9169098581172,
  "Japan": 1945.510169021717,
  "Jordan": 1815.1924187752109,
  "Mexico": 1875.790028987238,
  "Morocco": 1945.827426890494,
  "Netherlands": 1993.6685362134006,
  "New Zealand": 1817.4084174245656,
  "Norway": 1966.1458137886646,
  "Panama": 1844.6602238830499,
  "Paraguay": 1879.6259059206022,
  "Portugal": 2031.5355608291868,
  "Qatar": 1821.4412544085442,
  "Saudi Arabia": 1840.7747241316902,
  "Scotland": 1898.8735863992333,
  "Senegal": 1928.2827725913141,
  "South Africa": 1830.8896303914573,
  "South Korea": 1864.2824932308815,
  "Spain": 2104.802560575417,
  "Sweden": 1915.7575471574662,
  "Switzerland": 1933.6183646670104,
  "Tunisia": 1866.3258393551594,
  "Turkiye": 1928.2237780678877,
  "United States": 1866.3001021282198,
  "Uruguay": 1938.5564135786735,
  "Uzbekistan": 1835.7552982293153
}