{
  "Algeria": 1860.4317188455188,
  "Argentina": 2044.4738581412241,
  "Australia": 1859.8880383900662,
  "Austria": 1897.666576650986,
  "Belgium": 1956.0215405866932,
  "Bosnia and Herzegovina": 1895.0098136503186,
  "Brazil": 2034.5951573818554,
  "Canada": 1828.938532585884,
  "Cape Verde": 1826.3342437648632,
  "Colombia": 1962.6886731840732,
  "Croatia": 1928.7681253141345,
  "Curacao": 1828.418497633423,
  "Czechia": 1898.7598042077464,
  "DR Congo": 1907.8415480300773,
  "Ecuador": 1933.3009425850687,
  "Egypt": 1871.695670574969,
  "England": 2046.3304049558371,
  "France": 2081.1396794026573,
  "Germany": 2014.4514911878412,
  "Ghana": 1863.8490027154564,
  "Haiti": 1867.6310818421437,
  "Iran": 1853.0517137743484,
  "Iraq": 1912.4804090329017,
  "Ivory Coast": 1892.3314601978684,
  "Japan": 1959.2174080662942,
  "Jordan": 1824.9684899496826,
  "Mexico": 1891.6827170701574,
  "Morocco": 1952.0300877770833,
  "Netherlands": 2001.5238268767182,
  "New Zealand": 1824.738634075639,
  "Norway": 1974.3546936115893,
  "Panama": 1830.0833663290184,
  "Paraguay": 1880.0201584156366,
  "Portugal": 2042.971995841948,
  "Qatar": 1822.706858830369,
  "Saudi Arabia": 1832.3699742837453,
  "Scotland": 1887.4460598977557,
  "Senegal": 1930.0036734293838,
  "South Africa": 1819.1926142772706,
  "South Korea": 1877.0769875235476,
  "Spain": 2086.8821646294264,
  "Sweden": 1904.0872457406429,
  "Switzerland": 1928.4195053293342,
  "Tunisia": 1835.932116274051,
  "Turkiye": 1933.7924843851306,
  "United States": 1881.8876904862352,
  "Uruguay": 1925.8518932459558,
  "Uzbekistan": 1834.1319601556834
}