{
  "Algeria": 1861.0147044315875,
  "Argentina": 2045.8307334679876,
  "Australia": 1857.4526244905094,
  "Austria": 1898.5111953078938,
  "Belgium": 1956.2099975062968,
  "Bosnia and Herzegovina": 1893.8935991821656,
  "Brazil": 2032.6812255066043,
  "Canada": 1821.759867693727,
  "Cape Verde": 1826.1162475705685,
  "Colombia": 1962.8062028402444,
  "Croatia": 1930.0870079457984,
  "Curacao": 1834.7822114594453,
  "Czechia": 1900.1760050253731,
  "DR Congo": 1904.7549557607774,
  "Ecuador": 1930.8182651783798,
  "Egypt": 1870.4247244952546,
  "England": 2045.0909984960235,
  "France": 2080.5864706255725,
  "Germany": 2014.2569417017583,
  "Ghana": 1864.9346729678743,
  "Haiti": 1872.6466625850392,
  "Iran": 1852.8917351360396,
  "Iraq": 1914.0582681163785,
  "Ivory Coast": 1895.0508904377305,
  "Japan": 1954.3399817851189,
  "Jordan": 1827.6395923411883,
  "Mexico": 1884.5790710332706,
  "Morocco": 1950.3056795357297,
  "Netherlands": 2002.2398641536731,
  "New Zealand": 1825.1987056216415,
  "Norway": 1971.863545860968,
  "Panama": 1831.7594089302968,
  "Paraguay": 1880.1340741263214,
  "Portugal": 2040.3680463634134,
  "Qatar": 1819.5690168026101,
  "Saudi Arabia": 1822.023497549226,
  "Scotland": 1886.5597150725732,
  "Senegal": 1927.4571115420852,
  "South Africa": 1825.471670665096,
  "South Korea": 1874.5863167534962,
  "Spain": 2085.6275674022845,
  "Sweden": 1904.5814775457902,
  "Switzerland": 1929.3511916030793,
  "Tunisia": 1836.1588374935081,
  "Turkiye": 1933.0817709600249,
  "United States": 1879.6322521372567,
  "Uruguay": 1924.9226259469433,
  "Uzbekistan": 1840.8358284598692
}