{
  "Algeria": 1879.0495669170898,
  "Argentina": 2054.9761956589723,
  "Australia": 1860.0984852019585,
  "Austria": 1910.52246060562,
  "Belgium": 1956.149371714528,
  "Bosnia and Herzegovina": 1861.243963943735,
  "Brazil": 2038.5731245134104,
  "Canada": 1803.6474664606094,
  "Cape Verde": 1844.103321728982,
  "Colombia": 1970.0625003951438,
  "Croatia": 1933.1090433611378,
  "Curacao": 1825.735005522076,
  "Czechia": 1884.9927120555737,
  "DR Congo": 1847.470214318026,
  "Ecuador": 1942.6929896757847,
  "Egypt": 1880.2128881056287,
  "England": 2052.8562556360203,
  "France": 2079.083418580598,
  "Germany": 2014.266682508843,
  "Ghana": 1886.8439071216478,
  "Haiti": 1826.1218598491714,
  "Iran": 1853.1825429783792,
  "Iraq": 1843.8349324059993,
  "Ivory Coast": 1891.581563994555,
  "Japan": 1951.18499510398,
  "Jordan": 1820.0525129374753,
  "Mexico": 1848.694560956067,
  "Morocco": 1954.1594869581852,
  "Netherlands": 1999.8424024663645,
  "New Zealand": 1834.7884729163372,
  "Norway": 1972.8771925236206,
  "Panama": 1852.2732342484114,
  "Paraguay": 1882.4326497428112,
  "Portugal": 2037.7089685586795,
  "Qatar": 1823.6885000342634,
  "Saudi Arabia": 1845.464174835769,
  "Scotland": 1902.3910639383532,
  "Senegal": 1936.1412895780968,
  "South Africa": 1837.4388062797243,
  "South Korea": 1870.0079901309794,
  "Spain": 2094.648205017373,
  "Sweden": 1926.06583625195,
  "Switzerland": 1937.6183568173476,
  "Tunisia": 1880.5524172656803,
  "Turkiye": 1930.1575985397521,
  "United States": 1845.3303999441262,
  "Uruguay": 1941.4621097876932,
  "Uzbekistan": 1836.921574593622
}