{
  "Algeria": 1654.3859236451638,
  "Argentina": 1808.8253453269147,
  "Australia": 1633.784803836135,
  "Austria": 1684.0366315717283,
  "Belgium": 1731.514061467101,
  "Bosnia and Herzegovina": 1638.8817583470236,
  "Brazil": 1811.5846760965612,
  "Canada": 1601.302981510417,
  "Cape Verde": 1619.0437035343336,
  "Colombia": 1736.6070269433797,
  "Croatia": 1704.2823619699336,
  "Curacao": 1590.3667191251304,
  "Czechia": 1662.3017137821316,
  "DR Congo": 1630.9363844903298,
  "Ecuador": 1709.2844197078477,
  "Egypt": 1653.3360273836445,
  "England": 1824.6701038529748,
  "France": 1848.9436943587034,
  "Germany": 1789.200034267494,
  "Ghana": 1662.507239994169,
  "Haiti": 1605.0634214271201,
  "Iran": 1626.0988579586758,
  "Iraq": 1620.0888791201596,
  "Ivory Coast": 1668.08896592815,
  "Japan": 1723.5955029199113,
  "Jordan": 1598.349007443758,
  "Mexico": 1640.3428709095476,
  "Morocco": 1732.1894438370327,
  "Netherlands": 1774.5375781455966,
  "New Zealand": 1601.6677524643699,
  "Norway": 1747.0296204214337,
  "Panama": 1623.2056568649084,
  "Paraguay": 1655.6292243285427,
  "Portugal": 1811.375547461854,
  "Qatar": 1606.3572544214933,
  "Saudi Arabia": 1622.2363871287846,
  "Scotland": 1681.9767996753005,
  "Senegal": 1706.8692885586172,
  "South Africa": 1615.2529132377624,
  "South Korea": 1649.8548251022828,
  "Spain": 1849.3203668549506,
  "Sweden": 1700.0796232324985,
  "Switzerland": 1712.899855191811,
  "Tunisia": 1654.4141772306991,
  "Turkiye": 1699.449524060595,
  "United States": 1651.9246558363782,
  "Uruguay": 1714.7408401922573,
  "Uzbekistan": 1610.7301047330473
}