{
  "Algeria": 1712.2287037994518,
  "Argentina": 2115.051570798901,
  "Australia": 1755.1993493503762,
  "Austria": 1817.2708510510656,
  "Belgium": 1887.3256995188901,
  "Bosnia and Herzegovina": 378.4529178818794,
  "Brazil": 1990.369120190396,
  "Canada": 1780.8592865447301,
  "Cape Verde": 361.4529178818794,
  "Colombia": 1980.438477279421,
  "Croatia": 1908.195267084674,
  "Curacao": 217.4529178818793,
  "Czechia": 1695.2120532233303,
  "DR Congo": 444.4529178818794,
  "Ecuador": 1938.841866349334,
  "Egypt": 1729.525983998691,
  "England": 2021.3600351991142,
  "France": 2063.528232471475,
  "Germany": 1933.9003853146587,
  "Ghana": 293.4529178818793,
  "Haiti": 331.45291788187933,
  "Iran": 1762.06040094557,
  "Iraq": 401.4529178818794,
  "Ivory Coast": 478.4529178818794,
  "Japan": 1908.7794007149303,
  "Jordan": 463.4529178818794,
  "Mexico": 1871.719039867452,
  "Morocco": 1824.5945218958439,
  "Netherlands": 1945.9509974198554,
  "New Zealand": 345.45291788187933,
  "Norway": 1914.9306316563159,
  "Panama": 1753.952410368085,
  "Paraguay": 1830.9421370682874,
  "Portugal": 1983.7663567861885,
  "Qatar": 204.4529178818793,
  "Saudi Arabia": 352.4529178818794,
  "Scotland": 1776.0382934009983,
  "Senegal": 1867.3416026939788,
  "South Africa": 301.4529178818793,
  "South Korea": 1747.1414390363868,
  "Spain": 2157.743942892233,
  "Sweden": 1709.5224677800113,
  "Switzerland": 1893.7842818590727,
  "Tunisia": 411.4529178818794,
  "Turkiye": 1903.9456705948994,
  "United States": 1697.5383327785614,
  "Uruguay": 1889.6894367967077,
  "Uzbekistan": 1729.4771230524611
}