{
  "Algeria": 1836.3655880222477,
  "Argentina": 2099.2932374365605,
  "Australia": 1823.6204165735498,
  "Austria": 1871.0765477768755,
  "Belgium": 1924.5634160745385,
  "Bosnia and Herzegovina": 1815.6152911570327,
  "Brazil": 2009.0455031187955,
  "Canada": 1814.6120142643865,
  "Cape Verde": 1809.5039950820028,
  "Colombia": 1982.7068753553538,
  "Croatia": 1927.4509481867046,
  "Curacao": 1771.3935930360278,
  "Czechia": 1837.3757665734356,
  "DR Congo": 1806.584699500713,
  "Ecuador": 1947.8672528455234,
  "Egypt": 1830.1420334051948,
  "England": 2036.6534588986153,
  "France": 2071.520906534522,
  "Germany": 1974.7325084436336,
  "Ghana": 1839.3868789763083,
  "Haiti": 1774.1363642146289,
  "Iran": 1814.8109982876201,
  "Iraq": 1788.7199822552027,
  "Ivory Coast": 1841.6515814090171,
  "Japan": 1931.5397991114423,
  "Jordan": 1787.5733187069698,
  "Mexico": 1881.0853410094498,
  "Morocco": 1903.1221061619492,
  "Netherlands": 1972.4405470397323,
  "New Zealand": 1778.5013577769053,
  "Norway": 1943.7249366142375,
  "Panama": 1825.9826450510657,
  "Paraguay": 1864.76660698648,
  "Portugal": 2010.7768978054257,
  "Qatar": 1785.7479483552672,
  "Saudi Arabia": 1801.6836185170562,
  "Scotland": 1857.1290181556521,
  "Senegal": 1904.8318559548081,
  "South Africa": 1792.2520674860073,
  "South Korea": 1826.4570233661045,
  "Spain": 2141.53498471979,
  "Sweden": 1874.207695121467,
  "Switzerland": 1920.1525997644148,
  "Tunisia": 1826.3456260739997,
  "Turkiye": 1919.0544494584137,
  "United States": 1830.457478403705,
  "Uruguay": 1919.8239542609651,
  "Uzbekistan": 1801.0752194665959
}