{
  "Algeria": 1858.8922095092432,
  "Argentina": 2055.6984046303737,
  "Australia": 1861.2479282334243,
  "Austria": 1895.0856183958365,
  "Belgium": 1954.5579407160967,
  "Bosnia and Herzegovina": 1893.9130320812035,
  "Brazil": 2032.340226448241,
  "Canada": 1827.8985354779986,
  "Cape Verde": 1819.9718005465602,
  "Colombia": 1967.9194550846435,
  "Croatia": 1931.2194332549468,
  "Curacao": 1830.9442892917098,
  "Czechia": 1896.1102150402548,
  "DR Congo": 1901.7097659982112,
  "Ecuador": 1936.2822028211133,
  "Egypt": 1871.5033516867131,
  "England": 2046.1735139611349,
  "France": 2080.943446326079,
  "Germany": 2012.172474498473,
  "Ghana": 1854.6414793845868,
  "Haiti": 1869.861408345331,
  "Iran": 1858.2663953127276,
  "Iraq": 1912.5763920504967,
  "Ivory Coast": 1890.8924307272064,
  "Japan": 1957.6848063779373,
  "Jordan": 1822.232575092725,
  "Mexico": 1892.6482670387497,
  "Morocco": 1948.9733227795023,
  "Netherlands": 1999.5610088217184,
  "New Zealand": 1823.4682827282638,
  "Norway": 1973.4546196282802,
  "Panama": 1833.0991118503052,
  "Paraguay": 1877.525785620134,
  "Portugal": 2040.114911661359,
  "Qatar": 1824.3305367223365,
  "Saudi Arabia": 1827.548565039234,
  "Scotland": 1888.42236876697,
  "Senegal": 1926.5861891842533,
  "South Africa": 1814.7576628482902,
  "South Korea": 1871.2907989812027,
  "Spain": 2097.3917642363554,
  "Sweden": 1901.063877726694,
  "Switzerland": 1926.9879322415716,
  "Tunisia": 1839.1515255693,
  "Turkiye": 1933.846288125822,
  "United States": 1878.4327484593548,
  "Uruguay": 1926.4221012952905,
  "Uzbekistan": 1836.127244642333
}