{
  "Algeria": 1881.792480211274,
  "Argentina": 2037.8058566510372,
  "Australia": 1866.1580825124838,
  "Austria": 1913.2484173533458,
  "Belgium": 1958.16833962686,
  "Bosnia and Herzegovina": 1863.8510907257416,
  "Brazil": 2041.2890575541899,
  "Canada": 1836.2890907592016,
  "Cape Verde": 1851.845587251729,
  "Colombia": 1963.524156338018,
  "Croatia": 1933.2138376864805,
  "Curacao": 1827.9491677960766,
  "Czechia": 1889.122775309158,
  "DR Congo": 1853.2413180634278,
  "Ecuador": 1939.7087610791532,
  "Egypt": 1880.331461393677,
  "England": 2053.278544834787,
  "France": 2077.4209266454222,
  "Germany": 2018.1222430165108,
  "Ghana": 1888.8520764292405,
  "Haiti": 1838.1534254512283,
  "Iran": 1857.3205668478267,
  "Iraq": 1843.5195199701302,
  "Ivory Coast": 1896.4072944338125,
  "Japan": 1950.451656490461,
  "Jordan": 1826.3252226857792,
  "Mexico": 1872.9302187719513,
  "Morocco": 1959.5251427002268,
  "Netherlands": 2001.6985773724257,
  "New Zealand": 1830.5819908772294,
  "Norway": 1974.472409407453,
  "Panama": 1855.3724829015057,
  "Paraguay": 1882.7548114050949,
  "Portugal": 2039.344650212435,
  "Qatar": 1828.6909844779839,
  "Saudi Arabia": 1850.7173274911465,
  "Scotland": 1909.7784963886295,
  "Senegal": 1938.0212213132024,
  "South Africa": 1842.9875600736634,
  "South Korea": 1874.648092307603,
  "Spain": 2078.527492698176,
  "Sweden": 1927.0846857539036,
  "Switzerland": 1939.954917307333,
  "Tunisia": 1881.5306638701752,
  "Turkiye": 1927.9356653521993,
  "United States": 1883.7766117531392,
  "Uruguay": 1943.5301289976812,
  "Uzbekistan": 1839.8106588000537
}