{
  "Algeria": 1858.2842243120695,
  "Argentina": 2051.4076398648526,
  "Australia": 1864.6571356616732,
  "Austria": 1899.2954810861831,
  "Belgium": 1957.9263595502753,
  "Bosnia and Herzegovina": 1896.5622436494532,
  "Brazil": 2034.801627797195,
  "Canada": 1797.415652902799,
  "Cape Verde": 1825.9918699551756,
  "Colombia": 1966.3510731254946,
  "Croatia": 1932.9559626840917,
  "Curacao": 1839.7704667748267,
  "Czechia": 1899.42379146405,
  "DR Congo": 1903.9349884283076,
  "Ecuador": 1936.1990688339365,
  "Egypt": 1869.3104579483222,
  "England": 2047.1419278436254,
  "France": 2081.7732730830207,
  "Germany": 2013.4946534967696,
  "Ghana": 1869.1241679193101,
  "Haiti": 1868.3830074697244,
  "Iran": 1849.4366231944205,
  "Iraq": 1913.7793559828897,
  "Ivory Coast": 1890.6459725893221,
  "Japan": 1960.5180416426695,
  "Jordan": 1824.5758973513136,
  "Mexico": 1860.7240647066226,
  "Morocco": 1952.989807429966,
  "Netherlands": 2002.8408594716784,
  "New Zealand": 1825.690585443652,
  "Norway": 1976.0004724207945,
  "Panama": 1839.510368218542,
  "Paraguay": 1878.071048041246,
  "Portugal": 2043.819108636052,
  "Qatar": 1825.8433871905227,
  "Saudi Arabia": 1828.9311393190083,
  "Scotland": 1885.719709283394,
  "Senegal": 1929.965929488567,
  "South Africa": 1822.2067935636885,
  "South Korea": 1879.3135081724893,
  "Spain": 2093.3880480314215,
  "Sweden": 1900.761784751245,
  "Switzerland": 1929.7730883044944,
  "Tunisia": 1834.3126894090065,
  "Turkiye": 1935.3772503669154,
  "United States": 1845.2792279569464,
  "Uruguay": 1928.6245760247768,
  "Uzbekistan": 1834.4829712660396
}