{
  "Algeria": 1652.085545859691,
  "Argentina": 1822.7399675966751,
  "Australia": 1634.5920225334094,
  "Austria": 1678.0695628048143,
  "Belgium": 1734.0646775377763,
  "Bosnia and Herzegovina": 1632.3231050940574,
  "Brazil": 1809.0889410798118,
  "Canada": 1600.063372380179,
  "Cape Verde": 1620.5904200677494,
  "Colombia": 1731.9577549062599,
  "Croatia": 1708.3966166789326,
  "Curacao": 1591.945218485801,
  "Czechia": 1657.818719779427,
  "DR Congo": 1617.645882009405,
  "Ecuador": 1704.5740822610649,
  "Egypt": 1649.9313630176396,
  "England": 1825.8586950821712,
  "France": 1853.5657477076722,
  "Germany": 1785.0769813702407,
  "Ghana": 1660.2525480047818,
  "Haiti": 1597.152472277665,
  "Iran": 1628.1668298659715,
  "Iraq": 1611.100451444767,
  "Ivory Coast": 1665.4383139686422,
  "Japan": 1718.2814600144347,
  "Jordan": 1597.4886182358905,
  "Mexico": 1652.783171462687,
  "Morocco": 1737.5662861289213,
  "Netherlands": 1772.0001984775117,
  "New Zealand": 1598.4055860958345,
  "Norway": 1739.5238037795916,
  "Panama": 1620.5868720499984,
  "Paraguay": 1652.5629997970138,
  "Portugal": 1807.9919512267672,
  "Qatar": 1603.6768622596367,
  "Saudi Arabia": 1621.1907902878013,
  "Scotland": 1673.6789726852276,
  "Senegal": 1708.780929890134,
  "South Africa": 1607.604556140395,
  "South Korea": 1641.0125836925315,
  "Spain": 1852.8424055751457,
  "Sweden": 1697.5607997098189,
  "Switzerland": 1708.17216542537,
  "Tunisia": 1652.9572923173648,
  "Turkiye": 1696.1752462085703,
  "United States": 1656.3226719681425,
  "Uruguay": 1712.5444831273362,
  "Uzbekistan": 1605.8157436432557
}