{
  "Algeria": 1857.7608249692091,
  "Argentina": 2057.112125643867,
  "Australia": 1859.733020151134,
  "Austria": 1897.9953637893684,
  "Belgium": 1955.9339334192712,
  "Bosnia and Herzegovina": 1892.5883144724212,
  "Brazil": 2033.4246019949671,
  "Canada": 1797.033038020264,
  "Cape Verde": 1825.2866408147813,
  "Colombia": 1969.4838732554974,
  "Croatia": 1933.2881863047667,
  "Curacao": 1825.4220423387317,
  "Czechia": 1898.9214151880976,
  "DR Congo": 1900.3986995482067,
  "Ecuador": 1937.8257964376398,
  "Egypt": 1870.137996620505,
  "England": 2046.7872911099985,
  "France": 2081.3044861693984,
  "Germany": 2011.2953898925828,
  "Ghana": 1865.3240308846227,
  "Haiti": 1867.0785195339986,
  "Iran": 1852.596620608575,
  "Iraq": 1911.9173671539913,
  "Ivory Coast": 1891.1425600072241,
  "Japan": 1958.7746539683112,
  "Jordan": 1830.7461180176012,
  "Mexico": 1863.088406225517,
  "Morocco": 1949.442988442868,
  "Netherlands": 2000.288856684242,
  "New Zealand": 1811.5310745809784,
  "Norway": 1972.9903497114094,
  "Panama": 1834.900888636299,
  "Paraguay": 1879.1908306040361,
  "Portugal": 2042.0535982381189,
  "Qatar": 1821.769240127558,
  "Saudi Arabia": 1824.2859008612916,
  "Scotland": 1884.4944887038039,
  "Senegal": 1927.8950178433236,
  "South Africa": 1822.5018990193314,
  "South Korea": 1870.2629238099353,
  "Spain": 2097.923844418282,
  "Sweden": 1903.0637924672253,
  "Switzerland": 1927.9736638601178,
  "Tunisia": 1830.6836256181634,
  "Turkiye": 1935.0268015778674,
  "United States": 1845.2867589791767,
  "Uruguay": 1927.5645471623031,
  "Uzbekistan": 1839.7471315376506
}