{
  "Algeria": 1838.7744528426235,
  "Argentina": 2081.636272510683,
  "Australia": 1844.013346887218,
  "Austria": 1884.8267942029015,
  "Belgium": 1944.4562669241639,
  "Bosnia and Herzegovina": 1878.1588987836137,
  "Brazil": 2023.457003923567,
  "Canada": 1800.8252683192338,
  "Cape Verde": 1818.0232104669428,
  "Colombia": 1977.9907473779942,
  "Croatia": 1932.4034964599125,
  "Curacao": 1814.8430859957962,
  "Czechia": 1877.786375165663,
  "DR Congo": 1890.796363794244,
  "Ecuador": 1946.1002664903738,
  "Egypt": 1849.4662969980866,
  "England": 2043.6860229336053,
  "France": 2078.6726332372823,
  "Germany": 1995.8868684341624,
  "Ghana": 1847.3426611989714,
  "Haiti": 1851.1427350715176,
  "Iran": 1842.2791864601638,
  "Iraq": 1897.2113058964053,
  "Ivory Coast": 1873.6282165855648,
  "Japan": 1949.1914897866739,
  "Jordan": 1807.398562060874,
  "Mexico": 1871.142746864075,
  "Morocco": 1931.920906286571,
  "Netherlands": 1990.0508658704166,
  "New Zealand": 1808.6186656897926,
  "Norway": 1961.2383908727404,
  "Panama": 1823.1409174547744,
  "Paraguay": 1867.3181256721862,
  "Portugal": 2030.0119437113137,
  "Qatar": 1811.4137096806244,
  "Saudi Arabia": 1820.7707856051302,
  "Scotland": 1864.5914162752285,
  "Senegal": 1918.10515206319,
  "South Africa": 1810.538929803901,
  "South Korea": 1855.7503708806719,
  "Spain": 2123.223462163663,
  "Sweden": 1883.813777498158,
  "Switzerland": 1921.9735701559227,
  "Tunisia": 1823.100777476982,
  "Turkiye": 1931.9007088320866,
  "United States": 1828.8685002705072,
  "Uruguay": 1924.1564306224336,
  "Uzbekistan": 1818.3515732189444
}