{
  "Algeria": 1843.7898718108374,
  "Argentina": 2099.870903901647,
  "Australia": 1831.4287822423064,
  "Austria": 1878.7584725106774,
  "Belgium": 1926.1569835207345,
  "Bosnia and Herzegovina": 1814.9761810772973,
  "Brazil": 2010.2791717493567,
  "Canada": 1798.4160983358563,
  "Cape Verde": 1799.6527300183773,
  "Colombia": 1982.8209768364466,
  "Croatia": 1930.1218166562328,
  "Curacao": 1771.805974049431,
  "Czechia": 1836.1203771394146,
  "DR Congo": 1800.656438528619,
  "Ecuador": 1948.2396051172648,
  "Egypt": 1831.179799034865,
  "England": 2038.6507139918215,
  "France": 2071.0215844562777,
  "Germany": 1972.2482671599598,
  "Ghana": 1844.4808585669173,
  "Haiti": 1782.486018056443,
  "Iran": 1820.0012490898298,
  "Iraq": 1803.5433821908366,
  "Ivory Coast": 1844.8577392383015,
  "Japan": 1930.2528239047524,
  "Jordan": 1763.021588652595,
  "Mexico": 1870.8507406631988,
  "Morocco": 1906.0810340264734,
  "Netherlands": 1971.9920742729337,
  "New Zealand": 1772.9167045956538,
  "Norway": 1942.873140391435,
  "Panama": 1811.725939651302,
  "Paraguay": 1858.096679853985,
  "Portugal": 2009.6884513546868,
  "Qatar": 1779.806043665615,
  "Saudi Arabia": 1796.7190899123514,
  "Scotland": 1854.2792849114546,
  "Senegal": 1903.8990753610199,
  "South Africa": 1794.4949710720205,
  "South Korea": 1820.9350902155595,
  "Spain": 2142.2249151631013,
  "Sweden": 1874.2953879906806,
  "Switzerland": 1916.2210213316719,
  "Tunisia": 1829.240143100086,
  "Turkiye": 1921.6373009952192,
  "United States": 1800.962579710463,
  "Uruguay": 1922.5100984035646,
  "Uzbekistan": 1800.8343103862264
}