{
  "Algeria": 1558.8308967229161,
  "Argentina": 1881.2328115201071,
  "Australia": 1563.0895048699078,
  "Austria": 1603.908005334951,
  "Belgium": 1737.10613673854,
  "Bosnia and Herzegovina": 233.4529178818793,
  "Brazil": 1766.9510814831904,
  "Canada": 1545.39295226795,
  "Cape Verde": 181.4529178818793,
  "Colombia": 1693.3336826113846,
  "Croatia": 1709.4703163587635,
  "Curacao": 118.45291788187927,
  "Czechia": 289.1929178818793,
  "DR Congo": 1507.2035715990103,
  "Ecuador": 1573.7173854751916,
  "Egypt": 1574.396228429219,
  "England": 1828.1998279659845,
  "France": 1868.701024421097,
  "Germany": 1724.5969198260757,
  "Ghana": 238.45291788187924,
  "Haiti": 113.45291788187927,
  "Iran": 1625.6277091451213,
  "Iraq": 203.4529178818793,
  "Ivory Coast": 1497.353174355311,
  "Japan": 1648.9497326166309,
  "Jordan": 188.4529178818793,
  "Mexico": 1686.9425217452401,
  "Morocco": 1756.4846071430982,
  "Netherlands": 1750.2499442747137,
  "New Zealand": 183.4529178818793,
  "Norway": 1540.432150038232,
  "Panama": 1551.235088953713,
  "Paraguay": 1516.5162294697584,
  "Portugal": 1765.849120222141,
  "Qatar": 231.4529178818793,
  "Saudi Arabia": 223.4529178818793,
  "Scotland": 1502.8898504504698,
  "Senegal": 1677.7930025528924,
  "South Africa": 228.4529178818793,
  "South Korea": 1586.8567456083044,
  "Spain": 1872.0885032756803,
  "Sweden": 1500.1414942303293,
  "Switzerland": 1653.4032727176766,
  "Tunisia": 259.86291788187935,
  "Turkiye": 1614.621514607883,
  "United States": 1668.9858424141494,
  "Uruguay": 1669.185367563174,
  "Uzbekistan": 244.66291788187928
}