{
  "Algeria": 1879.720589933422,
  "Argentina": 2048.032507483991,
  "Australia": 1861.696441796743,
  "Austria": 1907.880312193015,
  "Belgium": 1955.4921722525596,
  "Bosnia and Herzegovina": 1859.3282429612607,
  "Brazil": 2036.7899311893646,
  "Canada": 1826.7611680668624,
  "Cape Verde": 1844.7911260285325,
  "Colombia": 1967.2408180183584,
  "Croatia": 1932.3290117052368,
  "Curacao": 1825.0656806044747,
  "Czechia": 1885.1466289905745,
  "DR Congo": 1849.1783138905676,
  "Ecuador": 1940.7690501850793,
  "Egypt": 1876.8170481466068,
  "England": 2051.210363195101,
  "France": 2076.10481453549,
  "Germany": 2012.9410708379676,
  "Ghana": 1885.4307891451044,
  "Haiti": 1831.498496086547,
  "Iran": 1846.3005199699328,
  "Iraq": 1849.7913647058424,
  "Ivory Coast": 1894.2309176122762,
  "Japan": 1948.4941332294102,
  "Jordan": 1815.2612630705305,
  "Mexico": 1871.5382567656043,
  "Morocco": 1954.518627815052,
  "Netherlands": 1997.7866872242018,
  "New Zealand": 1830.4419713111909,
  "Norway": 1972.687083981789,
  "Panama": 1851.9725328941404,
  "Paraguay": 1881.6548334291463,
  "Portugal": 2036.7058969921356,
  "Qatar": 1831.2843636955195,
  "Saudi Arabia": 1845.8437565966326,
  "Scotland": 1902.737824966024,
  "Senegal": 1932.5548464154415,
  "South Africa": 1834.3364361441506,
  "South Korea": 1866.4757455584604,
  "Spain": 2087.2397671726285,
  "Sweden": 1922.2792328735861,
  "Switzerland": 1936.994566826744,
  "Tunisia": 1874.1019212786805,
  "Turkiye": 1928.5512882214941,
  "United States": 1874.256210274388,
  "Uruguay": 1943.2055073338254,
  "Uzbekistan": 1842.763589278634
}