{
  "Algeria": 1883.9460265015898,
  "Argentina": 2039.182665223361,
  "Australia": 1863.7650697833878,
  "Austria": 1912.938234592184,
  "Belgium": 1958.7800488008988,
  "Bosnia and Herzegovina": 1866.4013588593125,
  "Brazil": 2042.2945217552508,
  "Canada": 1802.1845178131928,
  "Cape Verde": 1857.152280713745,
  "Colombia": 1964.8137673482468,
  "Croatia": 1935.1111199760028,
  "Curacao": 1825.7670079608035,
  "Czechia": 1892.461427511389,
  "DR Congo": 1851.4387930342064,
  "Ecuador": 1940.0020709568337,
  "Egypt": 1881.1528964950955,
  "England": 2053.269716820045,
  "France": 2078.754008049398,
  "Germany": 2019.2526364125613,
  "Ghana": 1894.4115670099245,
  "Haiti": 1832.522694779018,
  "Iran": 1854.0769643663225,
  "Iraq": 1847.7235183023513,
  "Ivory Coast": 1898.0135754663427,
  "Japan": 1951.277002110511,
  "Jordan": 1825.4372251972802,
  "Mexico": 1839.6015216932883,
  "Morocco": 1960.0067451621235,
  "Netherlands": 2003.813650888628,
  "New Zealand": 1834.3507667107517,
  "Norway": 1977.149025972536,
  "Panama": 1854.4180753850098,
  "Paraguay": 1886.5487515227603,
  "Portugal": 2040.7788894411115,
  "Qatar": 1833.1933464617239,
  "Saudi Arabia": 1855.1802123871191,
  "Scotland": 1908.6183116989987,
  "Senegal": 1938.1974210804012,
  "South Africa": 1847.3793463895174,
  "South Korea": 1878.0357641965204,
  "Spain": 2079.0991289378694,
  "Sweden": 1928.8134065448774,
  "Switzerland": 1939.9798782414673,
  "Tunisia": 1879.3258836847028,
  "Turkiye": 1927.940094964394,
  "United States": 1849.7792430706975,
  "Uruguay": 1946.5261530281416,
  "Uzbekistan": 1840.0675455890214
}