{
  "Algeria": 1839.2357799213617,
  "Argentina": 2099.08073997921,
  "Australia": 1829.444235272426,
  "Austria": 1870.228864314371,
  "Belgium": 1924.204287067231,
  "Bosnia and Herzegovina": 1804.4819972561497,
  "Brazil": 2009.7689717195153,
  "Canada": 1810.2343084865654,
  "Cape Verde": 1798.269373104291,
  "Colombia": 1987.6681247234344,
  "Croatia": 1924.2453564002735,
  "Curacao": 1767.1932499784336,
  "Czechia": 1836.2384644541096,
  "DR Congo": 1799.350210732091,
  "Ecuador": 1946.3199284837717,
  "Egypt": 1828.3437002455605,
  "England": 2035.6273865953517,
  "France": 2071.8936000323297,
  "Germany": 1971.7529670545591,
  "Ghana": 1837.4807165047916,
  "Haiti": 1760.411073491616,
  "Iran": 1809.2281726862475,
  "Iraq": 1799.5888648860166,
  "Ivory Coast": 1845.5659216818078,
  "Japan": 1926.529946774108,
  "Jordan": 1758.4058493007421,
  "Mexico": 1878.2351070733403,
  "Morocco": 1902.201892216085,
  "Netherlands": 1969.0552296326453,
  "New Zealand": 1786.1158189850514,
  "Norway": 1941.735864732999,
  "Panama": 1826.7699792344292,
  "Paraguay": 1855.9011729312008,
  "Portugal": 2008.3634100908432,
  "Qatar": 1776.8045249482439,
  "Saudi Arabia": 1812.7055939560187,
  "Scotland": 1854.5820900983763,
  "Senegal": 1902.6591278357473,
  "South Africa": 1786.1662552852013,
  "South Korea": 1815.770302367342,
  "Spain": 2139.0605540923484,
  "Sweden": 1872.66402120569,
  "Switzerland": 1915.3483132871427,
  "Tunisia": 1822.0891198236707,
  "Turkiye": 1925.0931535570755,
  "United States": 1827.0101606202363,
  "Uruguay": 1920.0378876435327,
  "Uzbekistan": 1783.9990287501612
}