{
  "Algeria": 1883.0502645482018,
  "Argentina": 2048.9359679248723,
  "Australia": 1857.0389198112107,
  "Austria": 1911.1422738454978,
  "Belgium": 1956.1445108428413,
  "Bosnia and Herzegovina": 1858.0163844943318,
  "Brazil": 2038.0803585899864,
  "Canada": 1835.6262765371084,
  "Cape Verde": 1846.6967898815035,
  "Colombia": 1968.0544620213097,
  "Croatia": 1933.2858814626522,
  "Curacao": 1828.2882251709318,
  "Czechia": 1888.2777124097865,
  "DR Congo": 1850.7119417748247,
  "Ecuador": 1942.7937760957113,
  "Egypt": 1877.4472683168026,
  "England": 2052.600199853923,
  "France": 2077.6251331260723,
  "Germany": 2015.074198120943,
  "Ghana": 1889.6025661179337,
  "Haiti": 1818.983749142417,
  "Iran": 1854.0536663461462,
  "Iraq": 1841.6719996552692,
  "Ivory Coast": 1893.3128123124134,
  "Japan": 1952.307425117667,
  "Jordan": 1818.1285592207357,
  "Mexico": 1876.1685428884568,
  "Morocco": 1956.175248852904,
  "Netherlands": 2000.6660975945895,
  "New Zealand": 1831.331851082078,
  "Norway": 1972.8176150185761,
  "Panama": 1849.7968685289816,
  "Paraguay": 1882.7431392487097,
  "Portugal": 2037.919049254773,
  "Qatar": 1823.8272222697217,
  "Saudi Arabia": 1845.8380339307323,
  "Scotland": 1902.79923590777,
  "Senegal": 1936.0598118517,
  "South Africa": 1844.3673311312189,
  "South Korea": 1868.7081798229592,
  "Spain": 2088.560662627927,
  "Sweden": 1925.2871588580635,
  "Switzerland": 1938.4192082567597,
  "Tunisia": 1877.6889982756963,
  "Turkiye": 1927.7660420797936,
  "United States": 1882.0471730632555,
  "Uruguay": 1943.5782282543635,
  "Uzbekistan": 1844.7168134191643
}