{
  "Algeria": 1646.2689077511402,
  "Argentina": 1835.6741529308913,
  "Australia": 1624.974313632125,
  "Austria": 1673.8119141975294,
  "Belgium": 1734.9877824801215,
  "Bosnia and Herzegovina": 1625.7896144099348,
  "Brazil": 1803.6369140893237,
  "Canada": 1593.1496778156222,
  "Cape Verde": 1608.3949119839763,
  "Colombia": 1728.2609484259747,
  "Croatia": 1709.7066577888038,
  "Curacao": 1591.108327660998,
  "Czechia": 1649.5022103319968,
  "DR Congo": 1614.3745760134007,
  "Ecuador": 1699.194664832198,
  "Egypt": 1644.5856259825607,
  "England": 1828.3660724105387,
  "France": 1856.985175355733,
  "Germany": 1779.6117905374942,
  "Ghana": 1652.2954100159575,
  "Haiti": 1593.9756322522169,
  "Iran": 1631.0736006560567,
  "Iraq": 1610.4416905658748,
  "Ivory Coast": 1657.5443712362433,
  "Japan": 1712.9629445399735,
  "Jordan": 1576.1107633345373,
  "Mexico": 1662.3399604193673,
  "Morocco": 1742.205024877029,
  "Netherlands": 1768.8899622445676,
  "New Zealand": 1589.1492329878022,
  "Norway": 1732.3281055574553,
  "Panama": 1616.4121041581175,
  "Paraguay": 1642.8063358765369,
  "Portugal": 1802.7408847220386,
  "Qatar": 1592.1759277728781,
  "Saudi Arabia": 1613.6111718248158,
  "Scotland": 1666.2254690409284,
  "Senegal": 1706.641906043639,
  "South Africa": 1605.7992894965553,
  "South Korea": 1640.2356168362692,
  "Spain": 1856.897256631245,
  "Sweden": 1688.4310933147526,
  "Switzerland": 1703.8319826794307,
  "Tunisia": 1636.7350773823084,
  "Turkiye": 1689.0424806201106,
  "United States": 1659.32973056061,
  "Uruguay": 1709.1106623858823,
  "Uzbekistan": 1599.6821439637824
}