{
  "Algeria": 1864.0095214976238,
  "Argentina": 2082.98650352167,
  "Australia": 1845.4596950357052,
  "Austria": 1892.2127484687135,
  "Belgium": 1943.4206165925223,
  "Bosnia and Herzegovina": 1841.6362008408305,
  "Brazil": 2023.2641934480237,
  "Canada": 1823.4904370320812,
  "Cape Verde": 1835.3402278099038,
  "Colombia": 1981.7094745216793,
  "Croatia": 1929.1979334641017,
  "Curacao": 1800.3753871201818,
  "Czechia": 1862.712843940474,
  "DR Congo": 1823.84071573168,
  "Ecuador": 1947.7927301075385,
  "Egypt": 1854.7129539596128,
  "England": 2043.7992729657483,
  "France": 2074.99233920526,
  "Germany": 1993.4754809837887,
  "Ghana": 1866.028686422933,
  "Haiti": 1797.7103539265856,
  "Iran": 1827.1924536841072,
  "Iraq": 1832.2711004947414,
  "Ivory Coast": 1872.2008286157304,
  "Japan": 1939.8068593405935,
  "Jordan": 1800.8363959697056,
  "Mexico": 1880.5086396985178,
  "Morocco": 1932.0559516394203,
  "Netherlands": 1985.4427899353584,
  "New Zealand": 1808.9124295541014,
  "Norway": 1958.0647788165243,
  "Panama": 1829.5603431762238,
  "Paraguay": 1873.4596634822374,
  "Portugal": 2022.9699675437187,
  "Qatar": 1811.9183472544798,
  "Saudi Arabia": 1829.501199982052,
  "Scotland": 1883.1357795279619,
  "Senegal": 1918.873060640656,
  "South Africa": 1820.792122202246,
  "South Korea": 1848.4293163589507,
  "Spain": 2121.8488014237646,
  "Sweden": 1904.1828968454129,
  "Switzerland": 1927.5185671360416,
  "Tunisia": 1861.7344550254993,
  "Turkiye": 1929.087639971812,
  "United States": 1856.3412316546176,
  "Uruguay": 1932.815881965338,
  "Uzbekistan": 1811.9297243367657
}