{
  "Algeria": 1874.953864254815,
  "Argentina": 2068.9804688088193,
  "Australia": 1859.9845706589988,
  "Austria": 1906.7042391246514,
  "Belgium": 1952.2905302222362,
  "Bosnia and Herzegovina": 1856.3780000887111,
  "Brazil": 2032.1777169847103,
  "Canada": 1801.7857597639704,
  "Cape Verde": 1848.1326109196877,
  "Colombia": 1975.5170939156017,
  "Croatia": 1935.2237180209697,
  "Curacao": 1823.7612094597634,
  "Czechia": 1877.9904444926235,
  "DR Congo": 1845.302287310178,
  "Ecuador": 1947.6254751199785,
  "Egypt": 1874.8334460816511,
  "England": 2050.913917885225,
  "France": 2078.212308098163,
  "Germany": 2008.292572075549,
  "Ghana": 1884.3392894567999,
  "Haiti": 1816.3549837314476,
  "Iran": 1847.5534629978176,
  "Iraq": 1840.3135941687187,
  "Ivory Coast": 1888.1318149218503,
  "Japan": 1946.561857404451,
  "Jordan": 1824.0433020167159,
  "Mexico": 1855.613425895572,
  "Morocco": 1948.4213171500353,
  "Netherlands": 1996.484741324821,
  "New Zealand": 1819.8528864989082,
  "Norway": 1968.0330829763489,
  "Panama": 1847.5724367700338,
  "Paraguay": 1879.92500576802,
  "Portugal": 2033.2754908661427,
  "Qatar": 1816.053714087744,
  "Saudi Arabia": 1844.307750627213,
  "Scotland": 1897.1683269217167,
  "Senegal": 1930.736502950657,
  "South Africa": 1840.6723055377925,
  "South Korea": 1864.6900796272503,
  "Spain": 2108.1894496998434,
  "Sweden": 1916.373508434306,
  "Switzerland": 1934.7239759557922,
  "Tunisia": 1867.1918455640719,
  "Turkiye": 1930.6899048702378,
  "United States": 1838.2525760454355,
  "Uruguay": 1940.7702717449995,
  "Uzbekistan": 1832.40953158966
}