{
  "Algeria": 1863.4937929038833,
  "Argentina": 2085.2809030379644,
  "Australia": 1846.7500596029424,
  "Austria": 1899.0517400188917,
  "Belgium": 1945.1561504244662,
  "Bosnia and Herzegovina": 1846.5392672225519,
  "Brazil": 2026.0115068221621,
  "Canada": 1801.5688287454748,
  "Cape Verde": 1838.2754931256522,
  "Colombia": 1980.381188806836,
  "Croatia": 1934.8523522847838,
  "Curacao": 1816.604975059124,
  "Czechia": 1870.691315723756,
  "DR Congo": 1831.163747704587,
  "Ecuador": 1951.7781514600974,
  "Egypt": 1857.169756260355,
  "England": 2047.2825795080487,
  "France": 2075.5965233394463,
  "Germany": 1995.104558741308,
  "Ghana": 1866.0709191448693,
  "Haiti": 1805.353339642771,
  "Iran": 1838.3240584892685,
  "Iraq": 1835.3147095822744,
  "Ivory Coast": 1876.3523099838287,
  "Japan": 1942.1458636074403,
  "Jordan": 1807.6565866802666,
  "Mexico": 1864.6290815975979,
  "Morocco": 1934.5058759014646,
  "Netherlands": 1988.213481772177,
  "New Zealand": 1807.8603660795663,
  "Norway": 1959.434501934955,
  "Panama": 1833.6903771481532,
  "Paraguay": 1875.0254905074717,
  "Portugal": 2023.9781879729715,
  "Qatar": 1815.8220889493196,
  "Saudi Arabia": 1830.6983458271507,
  "Scotland": 1881.2874862440528,
  "Senegal": 1919.9375334100014,
  "South Africa": 1827.1002606148577,
  "South Korea": 1850.859253372707,
  "Spain": 2124.7668872615027,
  "Sweden": 1905.964448589748,
  "Switzerland": 1928.7353722635887,
  "Tunisia": 1862.6726578128776,
  "Turkiye": 1928.420863365119,
  "United States": 1827.9733153327295,
  "Uruguay": 1935.6669422420355,
  "Uzbekistan": 1811.0920940856688
}