{
  "Algeria": 1875.1180864968721,
  "Argentina": 2057.1486631379908,
  "Australia": 1862.4541134212898,
  "Austria": 1907.5514147351116,
  "Belgium": 1954.446605694757,
  "Bosnia and Herzegovina": 1857.6694095601845,
  "Brazil": 2034.1963955946067,
  "Canada": 1826.2717262561557,
  "Cape Verde": 1842.5035671025846,
  "Colombia": 1971.5583018623508,
  "Croatia": 1933.4398305691554,
  "Curacao": 1827.0565429181213,
  "Czechia": 1882.1152283357571,
  "DR Congo": 1847.7723955358433,
  "Ecuador": 1943.5479939097002,
  "Egypt": 1877.1856496473629,
  "England": 2049.404110657339,
  "France": 2076.4637081525248,
  "Germany": 2010.412245152467,
  "Ghana": 1884.164688174158,
  "Haiti": 1819.010383120224,
  "Iran": 1847.4069769453938,
  "Iraq": 1841.2759131613036,
  "Ivory Coast": 1890.0515714620806,
  "Japan": 1947.9849181959369,
  "Jordan": 1814.494189585682,
  "Mexico": 1872.7101360035342,
  "Morocco": 1950.0966912205033,
  "Netherlands": 1995.956867544601,
  "New Zealand": 1825.853995694001,
  "Norway": 1969.210342499099,
  "Panama": 1847.5507614161822,
  "Paraguay": 1884.3752523898681,
  "Portugal": 2034.3697868106744,
  "Qatar": 1822.3826126722422,
  "Saudi Arabia": 1839.7216411792167,
  "Scotland": 1899.8556926350673,
  "Senegal": 1932.5386191900488,
  "South Africa": 1835.6917172961378,
  "South Korea": 1863.751761032068,
  "Spain": 2096.279423289467,
  "Sweden": 1919.1997886170493,
  "Switzerland": 1936.4108048107328,
  "Tunisia": 1873.9005770890562,
  "Turkiye": 1927.3257917184137,
  "United States": 1870.0772249334912,
  "Uruguay": 1940.1894991467113,
  "Uzbekistan": 1834.8332014011366
}