{
  "Algeria": 1882.3336215065572,
  "Argentina": 2050.391357863981,
  "Australia": 1861.792614238555,
  "Austria": 1911.1960268999167,
  "Belgium": 1957.8789135326836,
  "Bosnia and Herzegovina": 1865.4220985868224,
  "Brazil": 2039.405680164304,
  "Canada": 1802.4638944040064,
  "Cape Verde": 1852.5016860273051,
  "Colombia": 1968.3829758223417,
  "Croatia": 1936.4955007508931,
  "Curacao": 1832.3536752228113,
  "Czechia": 1887.1201742369128,
  "DR Congo": 1852.7619300350023,
  "Ecuador": 1942.414955523984,
  "Egypt": 1880.2010517842953,
  "England": 2053.4907537282243,
  "France": 2078.781072057934,
  "Germany": 2015.9733433080653,
  "Ghana": 1887.5907049783536,
  "Haiti": 1836.997897842821,
  "Iran": 1854.103095718033,
  "Iraq": 1841.712063324808,
  "Ivory Coast": 1897.4884720000382,
  "Japan": 1951.395435007611,
  "Jordan": 1813.7742252920852,
  "Mexico": 1846.6894736628274,
  "Morocco": 1956.497832880267,
  "Netherlands": 2002.0370752188421,
  "New Zealand": 1828.8075742616713,
  "Norway": 1973.1634868926133,
  "Panama": 1850.2429471426415,
  "Paraguay": 1886.948862172577,
  "Portugal": 2039.094605921833,
  "Qatar": 1834.924587689168,
  "Saudi Arabia": 1849.6360038364346,
  "Scotland": 1907.546551921759,
  "Senegal": 1936.0184879126075,
  "South Africa": 1839.6032146037617,
  "South Korea": 1871.8862289818908,
  "Spain": 2089.5732753516254,
  "Sweden": 1926.6508059041842,
  "Switzerland": 1941.0424689351246,
  "Tunisia": 1876.6194125294141,
  "Turkiye": 1929.6067929442786,
  "United States": 1846.9766917529587,
  "Uruguay": 1942.7295209291633,
  "Uzbekistan": 1837.9111456349594
}