{
  "Algeria": 1859.992630724468,
  "Argentina": 2032.301635676743,
  "Australia": 1862.5087203426986,
  "Austria": 1899.3056607376031,
  "Belgium": 1958.0063394513993,
  "Bosnia and Herzegovina": 1898.0712755474112,
  "Brazil": 2035.0562104832861,
  "Canada": 1821.9444334663833,
  "Cape Verde": 1825.813389342012,
  "Colombia": 1955.0767704893594,
  "Croatia": 1928.4917121484825,
  "Curacao": 1836.8084806130412,
  "Czechia": 1902.8892470531139,
  "DR Congo": 1904.7620964581847,
  "Ecuador": 1926.5137609439569,
  "Egypt": 1872.2355590161012,
  "England": 2045.6224261338884,
  "France": 2080.012080827521,
  "Germany": 2016.374998871278,
  "Ghana": 1859.749618104817,
  "Haiti": 1875.4411876514898,
  "Iran": 1855.1767865632016,
  "Iraq": 1916.909503817542,
  "Ivory Coast": 1897.2617935369988,
  "Japan": 1954.9002367513665,
  "Jordan": 1824.3321452990315,
  "Mexico": 1883.4201549373665,
  "Morocco": 1954.0087135932345,
  "Netherlands": 2005.1038139009963,
  "New Zealand": 1817.4997255136575,
  "Norway": 1973.8668421845668,
  "Panama": 1832.08279013254,
  "Paraguay": 1876.8499629567461,
  "Portugal": 2041.3888802408621,
  "Qatar": 1829.0171589018112,
  "Saudi Arabia": 1824.0542259547121,
  "Scotland": 1888.3215480421302,
  "Senegal": 1929.9353708297785,
  "South Africa": 1829.2485736530855,
  "South Korea": 1881.283396603002,
  "Spain": 2075.3872062192395,
  "Sweden": 1906.3801597614363,
  "Switzerland": 1929.0059107440995,
  "Tunisia": 1833.8339985666062,
  "Turkiye": 1932.0830179674404,
  "United States": 1882.5572355422191,
  "Uruguay": 1924.6652697486816,
  "Uzbekistan": 1830.9614239684677
}